date,period_start,period_end,frequency,fuel,scope,network,service_mode,unit,final_price,net_price,excise,vat,total_taxes,final_price_status,components_status,is_partial,is_interpolated,coverage_days,expected_days,source_name,source_url,source_note
2026-09-01,2026-09-01,2026-09-01,daily,diesel,Italy national,ordinary road network,self-service,EUR/litre,2.13,1.2130016393442622,0.5329,0.38409836065573766,0.9169983606557377,observed/curated,derived from final price + statutory tax schedule,False,False,1,1,MIMIT national daily self-service average — curated chart copy,https://www.mimit.gov.it/it/prezzi-carburanti-media-nazionale,National ordinary-road self-service daily series used in the recent chart. The current MIMIT page exposes only the latest and previous national value; use update_data.py daily to accumulate future observations.
2026-09-02,2026-09-02,2026-09-02,daily,diesel,Italy national,ordinary road network,self-service,EUR/litre,2.131,1.2138213114754095,0.5329,0.38427868852459013,0.9171786885245902,observed/curated,derived from final price + statutory tax schedule,False,False,1,1,MIMIT national daily self-service average — curated chart copy,https://www.mimit.gov.it/it/prezzi-carburanti-media-nazionale,National ordinary-road self-service daily series used in the recent chart. The current MIMIT page exposes only the latest and previous national value; use update_data.py daily to accumulate future observations.
2026-09-03,2026-09-03,2026-09-03,daily,diesel,Italy national,ordinary road network,self-service,EUR/litre,2.147,1.2269360655737702,0.5329,0.3871639344262295,0.9200639344262296,observed/curated,derived from final price + statutory tax schedule,False,False,1,1,MIMIT national daily self-service average — curated chart copy,https://www.mimit.gov.it/it/prezzi-carburanti-media-nazionale,National ordinary-road self-service daily series used in the recent chart. The current MIMIT page exposes only the latest and previous national value; use update_data.py daily to accumulate future observations.
2026-09-04,2026-09-04,2026-09-04,daily,diesel,Italy national,ordinary road network,self-service,EUR/litre,2.157,1.2351327868852457,0.5329,0.38896721311475413,0.9218672131147542,observed/curated,derived from final price + statutory tax schedule,False,False,1,1,MIMIT national daily self-service average — curated chart copy,https://www.mimit.gov.it/it/prezzi-carburanti-media-nazionale,National ordinary-road self-service daily series used in the recent chart. The current MIMIT page exposes only the latest and previous national value; use update_data.py daily to accumulate future observations.
2026-09-05,2026-09-05,2026-09-05,daily,diesel,Italy national,ordinary road network,self-service,EUR/litre,2.164,1.2408704918032787,0.5329,0.39022950819672136,0.9231295081967215,observed/curated,derived from final price + statutory tax schedule,False,False,1,1,MIMIT national daily self-service average — curated chart copy,https://www.mimit.gov.it/it/prezzi-carburanti-media-nazionale,National ordinary-road self-service daily series used in the recent chart. The current MIMIT page exposes only the latest and previous national value; use update_data.py daily to accumulate future observations.
2026-09-06,2026-09-06,2026-09-06,daily,diesel,Italy national,ordinary road network,self-service,EUR/litre,2.165,1.2416901639344262,0.5329,0.3904098360655738,0.9233098360655738,observed/curated,derived from final price + statutory tax schedule,False,False,1,1,MIMIT national daily self-service average — curated chart copy,https://www.mimit.gov.it/it/prezzi-carburanti-media-nazionale,National ordinary-road self-service daily series used in the recent chart. The current MIMIT page exposes only the latest and previous national value; use update_data.py daily to accumulate future observations.
2026-09-07,2026-09-07,2026-09-07,daily,diesel,Italy national,ordinary road network,self-service,EUR/litre,2.165,1.2416901639344262,0.5329,0.3904098360655738,0.9233098360655738,observed/curated,derived from final price + statutory tax schedule,False,False,1,1,MIMIT national daily self-service average — curated chart copy,https://www.mimit.gov.it/it/prezzi-carburanti-media-nazionale,National ordinary-road self-service daily series used in the recent chart. The current MIMIT page exposes only the latest and previous national value; use update_data.py daily to accumulate future observations.
2026-09-08,2026-09-08,2026-09-08,daily,diesel,Italy national,ordinary road network,self-service,EUR/litre,2.169,1.2449688524590163,0.5329,0.3911311475409836,0.9240311475409837,observed/curated,derived from final price + statutory tax schedule,False,False,1,1,MIMIT national daily self-service average — curated chart copy,https://www.mimit.gov.it/it/prezzi-carburanti-media-nazionale,National ordinary-road self-service daily series used in the recent chart. The current MIMIT page exposes only the latest and previous national value; use update_data.py daily to accumulate future observations.
2026-09-09,2026-09-09,2026-09-09,daily,diesel,Italy national,ordinary road network,self-service,EUR/litre,2.177,1.2515262295081966,0.5329,0.3925737704918033,0.9254737704918033,observed/curated,derived from final price + statutory tax schedule,False,False,1,1,MIMIT national daily self-service average — curated chart copy,https://www.mimit.gov.it/it/prezzi-carburanti-media-nazionale,National ordinary-road self-service daily series used in the recent chart. The current MIMIT page exposes only the latest and previous national value; use update_data.py daily to accumulate future observations.
2026-09-10,2026-09-10,2026-09-10,daily,diesel,Italy national,ordinary road network,self-service,EUR/litre,2.184,1.2572639344262295,0.5329,0.3938360655737705,0.9267360655737705,observed/curated,derived from final price + statutory tax schedule,False,False,1,1,MIMIT national daily self-service average — curated chart copy,https://www.mimit.gov.it/it/prezzi-carburanti-media-nazionale,National ordinary-road self-service daily series used in the recent chart. The current MIMIT page exposes only the latest and previous national value; use update_data.py daily to accumulate future observations.
2026-09-11,2026-09-11,2026-09-11,daily,diesel,Italy national,ordinary road network,self-service,EUR/litre,2.193,1.2646409836065573,0.5329,0.3954590163934426,0.9283590163934426,observed/curated,derived from final price + statutory tax schedule,False,False,1,1,MIMIT national daily self-service average — curated chart copy,https://www.mimit.gov.it/it/prezzi-carburanti-media-nazionale,National ordinary-road self-service daily series used in the recent chart. The current MIMIT page exposes only the latest and previous national value; use update_data.py daily to accumulate future observations.
2026-09-12,2026-09-12,2026-09-12,daily,diesel,Italy national,ordinary road network,self-service,EUR/litre,2.208,1.2769360655737705,0.5329,0.39816393442622955,0.9310639344262296,observed/curated,derived from final price + statutory tax schedule,False,False,1,1,MIMIT national daily self-service average — curated chart copy,https://www.mimit.gov.it/it/prezzi-carburanti-media-nazionale,National ordinary-road self-service daily series used in the recent chart. The current MIMIT page exposes only the latest and previous national value; use update_data.py daily to accumulate future observations.
2026-09-13,2026-09-13,2026-09-13,daily,diesel,Italy national,ordinary road network,self-service,EUR/litre,2.214,1.2818540983606557,0.5329,0.39924590163934426,0.9321459016393443,observed/curated,derived from final price + statutory tax schedule,False,False,1,1,MIMIT national daily self-service average — curated chart copy,https://www.mimit.gov.it/it/prezzi-carburanti-media-nazionale,National ordinary-road self-service daily series used in the recent chart. The current MIMIT page exposes only the latest and previous national value; use update_data.py daily to accumulate future observations.
2026-09-14,2026-09-14,2026-09-14,daily,diesel,Italy national,ordinary road network,self-service,EUR/litre,2.216,1.2834934426229507,0.5329,0.39960655737704925,0.9325065573770492,observed/curated,derived from final price + statutory tax schedule,False,False,1,1,MIMIT national daily self-service average — curated chart copy,https://www.mimit.gov.it/it/prezzi-carburanti-media-nazionale,National ordinary-road self-service daily series used in the recent chart. The current MIMIT page exposes only the latest and previous national value; use update_data.py daily to accumulate future observations.
2026-09-15,2026-09-15,2026-09-15,daily,diesel,Italy national,ordinary road network,self-service,EUR/litre,2.231,1.2957885245901637,0.5329,0.4023114754098361,0.9352114754098362,observed/curated,derived from final price + statutory tax schedule,False,False,1,1,MIMIT national daily self-service average — curated chart copy,https://www.mimit.gov.it/it/prezzi-carburanti-media-nazionale,National ordinary-road self-service daily series used in the recent chart. The current MIMIT page exposes only the latest and previous national value; use update_data.py daily to accumulate future observations.
2026-09-16,2026-09-16,2026-09-16,daily,diesel,Italy national,ordinary road network,self-service,EUR/litre,2.246,1.3080836065573769,0.5329,0.40501639344262297,0.937916393442623,observed/curated,derived from final price + statutory tax schedule,False,False,1,1,MIMIT national daily self-service average — curated chart copy,https://www.mimit.gov.it/it/prezzi-carburanti-media-nazionale,National ordinary-road self-service daily series used in the recent chart. The current MIMIT page exposes only the latest and previous national value; use update_data.py daily to accumulate future observations.
2026-09-17,2026-09-17,2026-09-17,daily,diesel,Italy national,ordinary road network,self-service,EUR/litre,2.266,1.3244770491803277,0.5329,0.40862295081967215,0.9415229508196722,observed/curated,derived from final price + statutory tax schedule,False,False,1,1,MIMIT national daily self-service average — curated chart copy,https://www.mimit.gov.it/it/prezzi-carburanti-media-nazionale,National ordinary-road self-service daily series used in the recent chart. The current MIMIT page exposes only the latest and previous national value; use update_data.py daily to accumulate future observations.
2026-09-18,2026-09-18,2026-09-18,daily,diesel,Italy national,ordinary road network,self-service,EUR/litre,2.294,1.307427868852459,0.5729,0.41367213114754103,0.986572131147541,observed/curated,derived from final price + statutory tax schedule,False,False,1,1,MIMIT national daily self-service average — curated chart copy,https://www.mimit.gov.it/it/prezzi-carburanti-media-nazionale,National ordinary-road self-service daily series used in the recent chart. The current MIMIT page exposes only the latest and previous national value; use update_data.py daily to accumulate future observations.
2000-01-01,2000-01-01,2000-01-31,monthly,diesel,Italy national,national statistical series,self-service,EUR/litre,0.84,0.29679,0.4032099999999999,0.14000000000000007,0.54321,observed/curated,derived from final price + statutory tax schedule,False,False,31,31,MASE monthly fuel-price series — curated chart copy,https://sisen.mase.gov.it/dgsaie/open-data,"Final price follows the monthly series used for the charts. Components are reconstructed from final price, VAT rules and the statutory excise schedule. Use update_data.py to import a freshly downloaded official MASE CSV."
2000-02-01,2000-02-01,2000-02-29,monthly,diesel,Italy national,national statistical series,self-service,EUR/litre,0.85,0.3051233333333333,0.40320999999999996,0.1416666666666667,0.5448766666666667,observed/curated,derived from final price + statutory tax schedule,False,False,29,29,MASE monthly fuel-price series — curated chart copy,https://sisen.mase.gov.it/dgsaie/open-data,"Final price follows the monthly series used for the charts. Components are reconstructed from final price, VAT rules and the statutory excise schedule. Use update_data.py to import a freshly downloaded official MASE CSV."
2000-03-01,2000-03-01,2000-03-31,monthly,diesel,Italy national,national statistical series,self-service,EUR/litre,0.86,0.3134566666666667,0.4032099999999999,0.1433333333333334,0.5465433333333333,observed/curated,derived from final price + statutory tax schedule,False,False,31,31,MASE monthly fuel-price series — curated chart copy,https://sisen.mase.gov.it/dgsaie/open-data,"Final price follows the monthly series used for the charts. Components are reconstructed from final price, VAT rules and the statutory excise schedule. Use update_data.py to import a freshly downloaded official MASE CSV."
2000-04-01,2000-04-01,2000-04-30,monthly,diesel,Italy national,national statistical series,self-service,EUR/litre,0.84,0.29679,0.4032099999999999,0.14000000000000004,0.54321,observed/curated,derived from final price + statutory tax schedule,False,False,30,30,MASE monthly fuel-price series — curated chart copy,https://sisen.mase.gov.it/dgsaie/open-data,"Final price follows the monthly series used for the charts. Components are reconstructed from final price, VAT rules and the statutory excise schedule. Use update_data.py to import a freshly downloaded official MASE CSV."
2000-05-01,2000-05-01,2000-05-31,monthly,diesel,Italy national,national statistical series,self-service,EUR/litre,0.87,0.32179,0.4032099999999999,0.14500000000000007,0.54821,observed/curated,derived from final price + statutory tax schedule,False,False,31,31,MASE monthly fuel-price series — curated chart copy,https://sisen.mase.gov.it/dgsaie/open-data,"Final price follows the monthly series used for the charts. Components are reconstructed from final price, VAT rules and the statutory excise schedule. Use update_data.py to import a freshly downloaded official MASE CSV."
2000-06-01,2000-06-01,2000-06-30,monthly,diesel,Italy national,national statistical series,self-service,EUR/litre,0.88,0.33012333333333344,0.4032099999999999,0.1466666666666667,0.5498766666666666,observed/curated,derived from final price + statutory tax schedule,False,False,30,30,MASE monthly fuel-price series — curated chart copy,https://sisen.mase.gov.it/dgsaie/open-data,"Final price follows the monthly series used for the charts. Components are reconstructed from final price, VAT rules and the statutory excise schedule. Use update_data.py to import a freshly downloaded official MASE CSV."
2000-07-01,2000-07-01,2000-07-31,monthly,diesel,Italy national,national statistical series,self-service,EUR/litre,0.88,0.3301233333333334,0.4032099999999999,0.14666666666666672,0.5498766666666666,observed/curated,derived from final price + statutory tax schedule,False,False,31,31,MASE monthly fuel-price series — curated chart copy,https://sisen.mase.gov.it/dgsaie/open-data,"Final price follows the monthly series used for the charts. Components are reconstructed from final price, VAT rules and the statutory excise schedule. Use update_data.py to import a freshly downloaded official MASE CSV."
2000-08-01,2000-08-01,2000-08-31,monthly,diesel,Italy national,national statistical series,self-service,EUR/litre,0.89,0.33845666666666674,0.4032099999999999,0.1483333333333334,0.5515433333333333,observed/curated,derived from final price + statutory tax schedule,False,False,31,31,MASE monthly fuel-price series — curated chart copy,https://sisen.mase.gov.it/dgsaie/open-data,"Final price follows the monthly series used for the charts. Components are reconstructed from final price, VAT rules and the statutory excise schedule. Use update_data.py to import a freshly downloaded official MASE CSV."
2000-09-01,2000-09-01,2000-09-30,monthly,diesel,Italy national,national statistical series,self-service,EUR/litre,0.94,0.38012333333333337,0.4032099999999999,0.1566666666666667,0.5598766666666666,observed/curated,derived from final price + statutory tax schedule,False,False,30,30,MASE monthly fuel-price series — curated chart copy,https://sisen.mase.gov.it/dgsaie/open-data,"Final price follows the monthly series used for the charts. Components are reconstructed from final price, VAT rules and the statutory excise schedule. Use update_data.py to import a freshly downloaded official MASE CSV."
2000-10-01,2000-10-01,2000-10-31,monthly,diesel,Italy national,national statistical series,self-service,EUR/litre,0.96,0.3967900000000001,0.4032099999999999,0.16000000000000006,0.56321,observed/curated,derived from final price + statutory tax schedule,False,False,31,31,MASE monthly fuel-price series — curated chart copy,https://sisen.mase.gov.it/dgsaie/open-data,"Final price follows the monthly series used for the charts. Components are reconstructed from final price, VAT rules and the statutory excise schedule. Use update_data.py to import a freshly downloaded official MASE CSV."
2000-11-01,2000-11-01,2000-11-30,monthly,diesel,Italy national,national statistical series,self-service,EUR/litre,0.97,0.4051233333333334,0.4032099999999999,0.1616666666666667,0.5648766666666666,observed/curated,derived from final price + statutory tax schedule,False,False,30,30,MASE monthly fuel-price series — curated chart copy,https://sisen.mase.gov.it/dgsaie/open-data,"Final price follows the monthly series used for the charts. Components are reconstructed from final price, VAT rules and the statutory excise schedule. Use update_data.py to import a freshly downloaded official MASE CSV."
2000-12-01,2000-12-01,2000-12-31,monthly,diesel,Italy national,national statistical series,self-service,EUR/litre,0.94,0.38012333333333337,0.4032099999999999,0.15666666666666673,0.5598766666666666,observed/curated,derived from final price + statutory tax schedule,False,False,31,31,MASE monthly fuel-price series — curated chart copy,https://sisen.mase.gov.it/dgsaie/open-data,"Final price follows the monthly series used for the charts. Components are reconstructed from final price, VAT rules and the statutory excise schedule. Use update_data.py to import a freshly downloaded official MASE CSV."
2001-01-01,2001-01-01,2001-01-31,monthly,diesel,Italy national,national statistical series,self-service,EUR/litre,0.9,0.34679000000000004,0.4032099999999999,0.15000000000000008,0.55321,observed/curated,derived from final price + statutory tax schedule,False,False,31,31,MASE monthly fuel-price series — curated chart copy,https://sisen.mase.gov.it/dgsaie/open-data,"Final price follows the monthly series used for the charts. Components are reconstructed from final price, VAT rules and the statutory excise schedule. Use update_data.py to import a freshly downloaded official MASE CSV."
2001-02-01,2001-02-01,2001-02-28,monthly,diesel,Italy national,national statistical series,self-service,EUR/litre,0.88,0.3301233333333333,0.40320999999999996,0.1466666666666667,0.5498766666666667,observed/curated,derived from final price + statutory tax schedule,False,False,28,28,MASE monthly fuel-price series — curated chart copy,https://sisen.mase.gov.it/dgsaie/open-data,"Final price follows the monthly series used for the charts. Components are reconstructed from final price, VAT rules and the statutory excise schedule. Use update_data.py to import a freshly downloaded official MASE CSV."
2001-03-01,2001-03-01,2001-03-31,monthly,diesel,Italy national,national statistical series,self-service,EUR/litre,0.87,0.32179,0.4032099999999999,0.14500000000000007,0.54821,observed/curated,derived from final price + statutory tax schedule,False,False,31,31,MASE monthly fuel-price series — curated chart copy,https://sisen.mase.gov.it/dgsaie/open-data,"Final price follows the monthly series used for the charts. Components are reconstructed from final price, VAT rules and the statutory excise schedule. Use update_data.py to import a freshly downloaded official MASE CSV."
2001-04-01,2001-04-01,2001-04-30,monthly,diesel,Italy national,national statistical series,self-service,EUR/litre,0.86,0.3134566666666667,0.4032099999999999,0.14333333333333337,0.5465433333333333,observed/curated,derived from final price + statutory tax schedule,False,False,30,30,MASE monthly fuel-price series — curated chart copy,https://sisen.mase.gov.it/dgsaie/open-data,"Final price follows the monthly series used for the charts. Components are reconstructed from final price, VAT rules and the statutory excise schedule. Use update_data.py to import a freshly downloaded official MASE CSV."
2001-05-01,2001-05-01,2001-05-31,monthly,diesel,Italy national,national statistical series,self-service,EUR/litre,0.87,0.32179,0.4032099999999999,0.14500000000000007,0.54821,observed/curated,derived from final price + statutory tax schedule,False,False,31,31,MASE monthly fuel-price series — curated chart copy,https://sisen.mase.gov.it/dgsaie/open-data,"Final price follows the monthly series used for the charts. Components are reconstructed from final price, VAT rules and the statutory excise schedule. Use update_data.py to import a freshly downloaded official MASE CSV."
2001-06-01,2001-06-01,2001-06-30,monthly,diesel,Italy national,national statistical series,self-service,EUR/litre,0.88,0.33012333333333344,0.4032099999999999,0.1466666666666667,0.5498766666666666,observed/curated,derived from final price + statutory tax schedule,False,False,30,30,MASE monthly fuel-price series — curated chart copy,https://sisen.mase.gov.it/dgsaie/open-data,"Final price follows the monthly series used for the charts. Components are reconstructed from final price, VAT rules and the statutory excise schedule. Use update_data.py to import a freshly downloaded official MASE CSV."
2001-07-01,2001-07-01,2001-07-31,monthly,diesel,Italy national,national statistical series,self-service,EUR/litre,0.87,0.32179,0.4032099999999999,0.14500000000000007,0.54821,observed/curated,derived from final price + statutory tax schedule,False,False,31,31,MASE monthly fuel-price series — curated chart copy,https://sisen.mase.gov.it/dgsaie/open-data,"Final price follows the monthly series used for the charts. Components are reconstructed from final price, VAT rules and the statutory excise schedule. Use update_data.py to import a freshly downloaded official MASE CSV."
2001-08-01,2001-08-01,2001-08-31,monthly,diesel,Italy national,national statistical series,self-service,EUR/litre,0.86,0.3134566666666667,0.4032099999999999,0.1433333333333334,0.5465433333333333,observed/curated,derived from final price + statutory tax schedule,False,False,31,31,MASE monthly fuel-price series — curated chart copy,https://sisen.mase.gov.it/dgsaie/open-data,"Final price follows the monthly series used for the charts. Components are reconstructed from final price, VAT rules and the statutory excise schedule. Use update_data.py to import a freshly downloaded official MASE CSV."
2001-09-01,2001-09-01,2001-09-30,monthly,diesel,Italy national,national statistical series,self-service,EUR/litre,0.86,0.3134566666666667,0.4032099999999999,0.14333333333333337,0.5465433333333333,observed/curated,derived from final price + statutory tax schedule,False,False,30,30,MASE monthly fuel-price series — curated chart copy,https://sisen.mase.gov.it/dgsaie/open-data,"Final price follows the monthly series used for the charts. Components are reconstructed from final price, VAT rules and the statutory excise schedule. Use update_data.py to import a freshly downloaded official MASE CSV."
2001-10-01,2001-10-01,2001-10-31,monthly,diesel,Italy national,national statistical series,self-service,EUR/litre,0.85,0.30512333333333336,0.4032099999999999,0.14166666666666672,0.5448766666666667,observed/curated,derived from final price + statutory tax schedule,False,False,31,31,MASE monthly fuel-price series — curated chart copy,https://sisen.mase.gov.it/dgsaie/open-data,"Final price follows the monthly series used for the charts. Components are reconstructed from final price, VAT rules and the statutory excise schedule. Use update_data.py to import a freshly downloaded official MASE CSV."
2001-11-01,2001-11-01,2001-11-30,monthly,diesel,Italy national,national statistical series,self-service,EUR/litre,0.86,0.3134566666666667,0.4032099999999999,0.14333333333333337,0.5465433333333333,observed/curated,derived from final price + statutory tax schedule,False,False,30,30,MASE monthly fuel-price series — curated chart copy,https://sisen.mase.gov.it/dgsaie/open-data,"Final price follows the monthly series used for the charts. Components are reconstructed from final price, VAT rules and the statutory excise schedule. Use update_data.py to import a freshly downloaded official MASE CSV."
2001-12-01,2001-12-01,2001-12-31,monthly,diesel,Italy national,national statistical series,self-service,EUR/litre,0.85,0.30512333333333336,0.4032099999999999,0.14166666666666672,0.5448766666666667,observed/curated,derived from final price + statutory tax schedule,False,False,31,31,MASE monthly fuel-price series — curated chart copy,https://sisen.mase.gov.it/dgsaie/open-data,"Final price follows the monthly series used for the charts. Components are reconstructed from final price, VAT rules and the statutory excise schedule. Use update_data.py to import a freshly downloaded official MASE CSV."
2002-01-01,2002-01-01,2002-01-31,monthly,diesel,Italy national,national statistical series,self-service,EUR/litre,0.85,0.30512333333333336,0.4032099999999999,0.14166666666666672,0.5448766666666667,observed/curated,derived from final price + statutory tax schedule,False,False,31,31,MASE monthly fuel-price series — curated chart copy,https://sisen.mase.gov.it/dgsaie/open-data,"Final price follows the monthly series used for the charts. Components are reconstructed from final price, VAT rules and the statutory excise schedule. Use update_data.py to import a freshly downloaded official MASE CSV."
2002-02-01,2002-02-01,2002-02-28,monthly,diesel,Italy national,national statistical series,self-service,EUR/litre,0.84,0.29679,0.40320999999999996,0.14000000000000004,0.54321,observed/curated,derived from final price + statutory tax schedule,False,False,28,28,MASE monthly fuel-price series — curated chart copy,https://sisen.mase.gov.it/dgsaie/open-data,"Final price follows the monthly series used for the charts. Components are reconstructed from final price, VAT rules and the statutory excise schedule. Use update_data.py to import a freshly downloaded official MASE CSV."
2002-03-01,2002-03-01,2002-03-31,monthly,diesel,Italy national,national statistical series,self-service,EUR/litre,0.86,0.3134566666666667,0.4032099999999999,0.1433333333333334,0.5465433333333333,observed/curated,derived from final price + statutory tax schedule,False,False,31,31,MASE monthly fuel-price series — curated chart copy,https://sisen.mase.gov.it/dgsaie/open-data,"Final price follows the monthly series used for the charts. Components are reconstructed from final price, VAT rules and the statutory excise schedule. Use update_data.py to import a freshly downloaded official MASE CSV."
2002-04-01,2002-04-01,2002-04-30,monthly,diesel,Italy national,national statistical series,self-service,EUR/litre,0.88,0.33012333333333344,0.4032099999999999,0.1466666666666667,0.5498766666666666,observed/curated,derived from final price + statutory tax schedule,False,False,30,30,MASE monthly fuel-price series — curated chart copy,https://sisen.mase.gov.it/dgsaie/open-data,"Final price follows the monthly series used for the charts. Components are reconstructed from final price, VAT rules and the statutory excise schedule. Use update_data.py to import a freshly downloaded official MASE CSV."
2002-05-01,2002-05-01,2002-05-31,monthly,diesel,Italy national,national statistical series,self-service,EUR/litre,0.87,0.32179,0.4032099999999999,0.14500000000000007,0.54821,observed/curated,derived from final price + statutory tax schedule,False,False,31,31,MASE monthly fuel-price series — curated chart copy,https://sisen.mase.gov.it/dgsaie/open-data,"Final price follows the monthly series used for the charts. Components are reconstructed from final price, VAT rules and the statutory excise schedule. Use update_data.py to import a freshly downloaded official MASE CSV."
2002-06-01,2002-06-01,2002-06-30,monthly,diesel,Italy national,national statistical series,self-service,EUR/litre,0.86,0.3134566666666667,0.4032099999999999,0.14333333333333337,0.5465433333333333,observed/curated,derived from final price + statutory tax schedule,False,False,30,30,MASE monthly fuel-price series — curated chart copy,https://sisen.mase.gov.it/dgsaie/open-data,"Final price follows the monthly series used for the charts. Components are reconstructed from final price, VAT rules and the statutory excise schedule. Use update_data.py to import a freshly downloaded official MASE CSV."
2002-07-01,2002-07-01,2002-07-31,monthly,diesel,Italy national,national statistical series,self-service,EUR/litre,0.85,0.30512333333333336,0.4032099999999999,0.14166666666666672,0.5448766666666667,observed/curated,derived from final price + statutory tax schedule,False,False,31,31,MASE monthly fuel-price series — curated chart copy,https://sisen.mase.gov.it/dgsaie/open-data,"Final price follows the monthly series used for the charts. Components are reconstructed from final price, VAT rules and the statutory excise schedule. Use update_data.py to import a freshly downloaded official MASE CSV."
2002-08-01,2002-08-01,2002-08-31,monthly,diesel,Italy national,national statistical series,self-service,EUR/litre,0.85,0.30512333333333336,0.4032099999999999,0.14166666666666672,0.5448766666666667,observed/curated,derived from final price + statutory tax schedule,False,False,31,31,MASE monthly fuel-price series — curated chart copy,https://sisen.mase.gov.it/dgsaie/open-data,"Final price follows the monthly series used for the charts. Components are reconstructed from final price, VAT rules and the statutory excise schedule. Use update_data.py to import a freshly downloaded official MASE CSV."
2002-09-01,2002-09-01,2002-09-30,monthly,diesel,Italy national,national statistical series,self-service,EUR/litre,0.87,0.32179,0.4032099999999999,0.14500000000000005,0.54821,observed/curated,derived from final price + statutory tax schedule,False,False,30,30,MASE monthly fuel-price series — curated chart copy,https://sisen.mase.gov.it/dgsaie/open-data,"Final price follows the monthly series used for the charts. Components are reconstructed from final price, VAT rules and the statutory excise schedule. Use update_data.py to import a freshly downloaded official MASE CSV."
2002-10-01,2002-10-01,2002-10-31,monthly,diesel,Italy national,national statistical series,self-service,EUR/litre,0.88,0.3301233333333334,0.4032099999999999,0.14666666666666672,0.5498766666666666,observed/curated,derived from final price + statutory tax schedule,False,False,31,31,MASE monthly fuel-price series — curated chart copy,https://sisen.mase.gov.it/dgsaie/open-data,"Final price follows the monthly series used for the charts. Components are reconstructed from final price, VAT rules and the statutory excise schedule. Use update_data.py to import a freshly downloaded official MASE CSV."
2002-11-01,2002-11-01,2002-11-30,monthly,diesel,Italy national,national statistical series,self-service,EUR/litre,0.87,0.32179,0.4032099999999999,0.14500000000000005,0.54821,observed/curated,derived from final price + statutory tax schedule,False,False,30,30,MASE monthly fuel-price series — curated chart copy,https://sisen.mase.gov.it/dgsaie/open-data,"Final price follows the monthly series used for the charts. Components are reconstructed from final price, VAT rules and the statutory excise schedule. Use update_data.py to import a freshly downloaded official MASE CSV."
2002-12-01,2002-12-01,2002-12-31,monthly,diesel,Italy national,national statistical series,self-service,EUR/litre,0.89,0.33845666666666674,0.4032099999999999,0.1483333333333334,0.5515433333333333,observed/curated,derived from final price + statutory tax schedule,False,False,31,31,MASE monthly fuel-price series — curated chart copy,https://sisen.mase.gov.it/dgsaie/open-data,"Final price follows the monthly series used for the charts. Components are reconstructed from final price, VAT rules and the statutory excise schedule. Use update_data.py to import a freshly downloaded official MASE CSV."
2003-01-01,2003-01-01,2003-01-31,monthly,diesel,Italy national,national statistical series,self-service,EUR/litre,0.91,0.35512333333333335,0.4032099999999999,0.15166666666666673,0.5548766666666667,observed/curated,derived from final price + statutory tax schedule,False,False,31,31,MASE monthly fuel-price series — curated chart copy,https://sisen.mase.gov.it/dgsaie/open-data,"Final price follows the monthly series used for the charts. Components are reconstructed from final price, VAT rules and the statutory excise schedule. Use update_data.py to import a freshly downloaded official MASE CSV."
2003-02-01,2003-02-01,2003-02-28,monthly,diesel,Italy national,national statistical series,self-service,EUR/litre,0.93,0.37179000000000006,0.40320999999999996,0.15500000000000005,0.55821,observed/curated,derived from final price + statutory tax schedule,False,False,28,28,MASE monthly fuel-price series — curated chart copy,https://sisen.mase.gov.it/dgsaie/open-data,"Final price follows the monthly series used for the charts. Components are reconstructed from final price, VAT rules and the statutory excise schedule. Use update_data.py to import a freshly downloaded official MASE CSV."
2003-03-01,2003-03-01,2003-03-31,monthly,diesel,Italy national,national statistical series,self-service,EUR/litre,0.95,0.3884566666666667,0.4032099999999999,0.1583333333333334,0.5615433333333333,observed/curated,derived from final price + statutory tax schedule,False,False,31,31,MASE monthly fuel-price series — curated chart copy,https://sisen.mase.gov.it/dgsaie/open-data,"Final price follows the monthly series used for the charts. Components are reconstructed from final price, VAT rules and the statutory excise schedule. Use update_data.py to import a freshly downloaded official MASE CSV."
2003-04-01,2003-04-01,2003-04-30,monthly,diesel,Italy national,national statistical series,self-service,EUR/litre,0.89,0.33845666666666674,0.4032099999999999,0.14833333333333337,0.5515433333333333,observed/curated,derived from final price + statutory tax schedule,False,False,30,30,MASE monthly fuel-price series — curated chart copy,https://sisen.mase.gov.it/dgsaie/open-data,"Final price follows the monthly series used for the charts. Components are reconstructed from final price, VAT rules and the statutory excise schedule. Use update_data.py to import a freshly downloaded official MASE CSV."
2003-05-01,2003-05-01,2003-05-31,monthly,diesel,Italy national,national statistical series,self-service,EUR/litre,0.85,0.30512333333333336,0.4032099999999999,0.14166666666666672,0.5448766666666667,observed/curated,derived from final price + statutory tax schedule,False,False,31,31,MASE monthly fuel-price series — curated chart copy,https://sisen.mase.gov.it/dgsaie/open-data,"Final price follows the monthly series used for the charts. Components are reconstructed from final price, VAT rules and the statutory excise schedule. Use update_data.py to import a freshly downloaded official MASE CSV."
2003-06-01,2003-06-01,2003-06-30,monthly,diesel,Italy national,national statistical series,self-service,EUR/litre,0.85,0.3051233333333334,0.4032099999999999,0.1416666666666667,0.5448766666666666,observed/curated,derived from final price + statutory tax schedule,False,False,30,30,MASE monthly fuel-price series — curated chart copy,https://sisen.mase.gov.it/dgsaie/open-data,"Final price follows the monthly series used for the charts. Components are reconstructed from final price, VAT rules and the statutory excise schedule. Use update_data.py to import a freshly downloaded official MASE CSV."
2003-07-01,2003-07-01,2003-07-31,monthly,diesel,Italy national,national statistical series,self-service,EUR/litre,0.85,0.30512333333333336,0.4032099999999999,0.14166666666666672,0.5448766666666667,observed/curated,derived from final price + statutory tax schedule,False,False,31,31,MASE monthly fuel-price series — curated chart copy,https://sisen.mase.gov.it/dgsaie/open-data,"Final price follows the monthly series used for the charts. Components are reconstructed from final price, VAT rules and the statutory excise schedule. Use update_data.py to import a freshly downloaded official MASE CSV."
2003-08-01,2003-08-01,2003-08-31,monthly,diesel,Italy national,national statistical series,self-service,EUR/litre,0.87,0.32179,0.4032099999999999,0.14500000000000007,0.54821,observed/curated,derived from final price + statutory tax schedule,False,False,31,31,MASE monthly fuel-price series — curated chart copy,https://sisen.mase.gov.it/dgsaie/open-data,"Final price follows the monthly series used for the charts. Components are reconstructed from final price, VAT rules and the statutory excise schedule. Use update_data.py to import a freshly downloaded official MASE CSV."
2003-09-01,2003-09-01,2003-09-30,monthly,diesel,Italy national,national statistical series,self-service,EUR/litre,0.86,0.3134566666666667,0.4032099999999999,0.14333333333333337,0.5465433333333333,observed/curated,derived from final price + statutory tax schedule,False,False,30,30,MASE monthly fuel-price series — curated chart copy,https://sisen.mase.gov.it/dgsaie/open-data,"Final price follows the monthly series used for the charts. Components are reconstructed from final price, VAT rules and the statutory excise schedule. Use update_data.py to import a freshly downloaded official MASE CSV."
2003-10-01,2003-10-01,2003-10-31,monthly,diesel,Italy national,national statistical series,self-service,EUR/litre,0.87,0.32179,0.4032099999999999,0.14500000000000007,0.54821,observed/curated,derived from final price + statutory tax schedule,False,False,31,31,MASE monthly fuel-price series — curated chart copy,https://sisen.mase.gov.it/dgsaie/open-data,"Final price follows the monthly series used for the charts. Components are reconstructed from final price, VAT rules and the statutory excise schedule. Use update_data.py to import a freshly downloaded official MASE CSV."
2003-11-01,2003-11-01,2003-11-30,monthly,diesel,Italy national,national statistical series,self-service,EUR/litre,0.88,0.33012333333333344,0.4032099999999999,0.1466666666666667,0.5498766666666666,observed/curated,derived from final price + statutory tax schedule,False,False,30,30,MASE monthly fuel-price series — curated chart copy,https://sisen.mase.gov.it/dgsaie/open-data,"Final price follows the monthly series used for the charts. Components are reconstructed from final price, VAT rules and the statutory excise schedule. Use update_data.py to import a freshly downloaded official MASE CSV."
2003-12-01,2003-12-01,2003-12-31,monthly,diesel,Italy national,national statistical series,self-service,EUR/litre,0.87,0.32179,0.4032099999999999,0.14500000000000007,0.54821,observed/curated,derived from final price + statutory tax schedule,False,False,31,31,MASE monthly fuel-price series — curated chart copy,https://sisen.mase.gov.it/dgsaie/open-data,"Final price follows the monthly series used for the charts. Components are reconstructed from final price, VAT rules and the statutory excise schedule. Use update_data.py to import a freshly downloaded official MASE CSV."
2004-01-01,2004-01-01,2004-01-31,monthly,diesel,Italy national,national statistical series,self-service,EUR/litre,0.88,0.3301233333333334,0.4032099999999999,0.14666666666666672,0.5498766666666666,observed/curated,derived from final price + statutory tax schedule,False,False,31,31,MASE monthly fuel-price series — curated chart copy,https://sisen.mase.gov.it/dgsaie/open-data,"Final price follows the monthly series used for the charts. Components are reconstructed from final price, VAT rules and the statutory excise schedule. Use update_data.py to import a freshly downloaded official MASE CSV."
2004-02-01,2004-02-01,2004-02-29,monthly,diesel,Italy national,national statistical series,self-service,EUR/litre,0.87,0.32179,0.40320999999999996,0.14500000000000005,0.54821,observed/curated,derived from final price + statutory tax schedule,False,False,29,29,MASE monthly fuel-price series — curated chart copy,https://sisen.mase.gov.it/dgsaie/open-data,"Final price follows the monthly series used for the charts. Components are reconstructed from final price, VAT rules and the statutory excise schedule. Use update_data.py to import a freshly downloaded official MASE CSV."
2004-03-01,2004-03-01,2004-03-31,monthly,diesel,Italy national,national statistical series,self-service,EUR/litre,0.89,0.33845666666666674,0.4032099999999999,0.1483333333333334,0.5515433333333333,observed/curated,derived from final price + statutory tax schedule,False,False,31,31,MASE monthly fuel-price series — curated chart copy,https://sisen.mase.gov.it/dgsaie/open-data,"Final price follows the monthly series used for the charts. Components are reconstructed from final price, VAT rules and the statutory excise schedule. Use update_data.py to import a freshly downloaded official MASE CSV."
2004-04-01,2004-04-01,2004-04-30,monthly,diesel,Italy national,national statistical series,self-service,EUR/litre,0.9,0.34679000000000004,0.4032099999999999,0.15000000000000005,0.55321,observed/curated,derived from final price + statutory tax schedule,False,False,30,30,MASE monthly fuel-price series — curated chart copy,https://sisen.mase.gov.it/dgsaie/open-data,"Final price follows the monthly series used for the charts. Components are reconstructed from final price, VAT rules and the statutory excise schedule. Use update_data.py to import a freshly downloaded official MASE CSV."
2004-05-01,2004-05-01,2004-05-31,monthly,diesel,Italy national,national statistical series,self-service,EUR/litre,0.93,0.37179,0.4032099999999999,0.15500000000000008,0.55821,observed/curated,derived from final price + statutory tax schedule,False,False,31,31,MASE monthly fuel-price series — curated chart copy,https://sisen.mase.gov.it/dgsaie/open-data,"Final price follows the monthly series used for the charts. Components are reconstructed from final price, VAT rules and the statutory excise schedule. Use update_data.py to import a freshly downloaded official MASE CSV."
2004-06-01,2004-06-01,2004-06-30,monthly,diesel,Italy national,national statistical series,self-service,EUR/litre,0.93,0.37179000000000006,0.4032099999999999,0.15500000000000005,0.55821,observed/curated,derived from final price + statutory tax schedule,False,False,30,30,MASE monthly fuel-price series — curated chart copy,https://sisen.mase.gov.it/dgsaie/open-data,"Final price follows the monthly series used for the charts. Components are reconstructed from final price, VAT rules and the statutory excise schedule. Use update_data.py to import a freshly downloaded official MASE CSV."
2004-07-01,2004-07-01,2004-07-31,monthly,diesel,Italy national,national statistical series,self-service,EUR/litre,0.94,0.38012333333333337,0.4032099999999999,0.15666666666666673,0.5598766666666666,observed/curated,derived from final price + statutory tax schedule,False,False,31,31,MASE monthly fuel-price series — curated chart copy,https://sisen.mase.gov.it/dgsaie/open-data,"Final price follows the monthly series used for the charts. Components are reconstructed from final price, VAT rules and the statutory excise schedule. Use update_data.py to import a freshly downloaded official MASE CSV."
2004-08-01,2004-08-01,2004-08-31,monthly,diesel,Italy national,national statistical series,self-service,EUR/litre,0.96,0.3967900000000001,0.4032099999999999,0.16000000000000006,0.56321,observed/curated,derived from final price + statutory tax schedule,False,False,31,31,MASE monthly fuel-price series — curated chart copy,https://sisen.mase.gov.it/dgsaie/open-data,"Final price follows the monthly series used for the charts. Components are reconstructed from final price, VAT rules and the statutory excise schedule. Use update_data.py to import a freshly downloaded official MASE CSV."
2004-09-01,2004-09-01,2004-09-30,monthly,diesel,Italy national,national statistical series,self-service,EUR/litre,0.98,0.41345666666666675,0.4032099999999999,0.16333333333333339,0.5665433333333333,observed/curated,derived from final price + statutory tax schedule,False,False,30,30,MASE monthly fuel-price series — curated chart copy,https://sisen.mase.gov.it/dgsaie/open-data,"Final price follows the monthly series used for the charts. Components are reconstructed from final price, VAT rules and the statutory excise schedule. Use update_data.py to import a freshly downloaded official MASE CSV."
2004-10-01,2004-10-01,2004-10-31,monthly,diesel,Italy national,national statistical series,self-service,EUR/litre,1.0,0.4301233333333334,0.4032099999999999,0.16666666666666674,0.5698766666666666,observed/curated,derived from final price + statutory tax schedule,False,False,31,31,MASE monthly fuel-price series — curated chart copy,https://sisen.mase.gov.it/dgsaie/open-data,"Final price follows the monthly series used for the charts. Components are reconstructed from final price, VAT rules and the statutory excise schedule. Use update_data.py to import a freshly downloaded official MASE CSV."
2004-11-01,2004-11-01,2004-11-30,monthly,diesel,Italy national,national statistical series,self-service,EUR/litre,1.0,0.4301233333333334,0.4032099999999999,0.1666666666666667,0.5698766666666666,observed/curated,derived from final price + statutory tax schedule,False,False,30,30,MASE monthly fuel-price series — curated chart copy,https://sisen.mase.gov.it/dgsaie/open-data,"Final price follows the monthly series used for the charts. Components are reconstructed from final price, VAT rules and the statutory excise schedule. Use update_data.py to import a freshly downloaded official MASE CSV."
2004-12-01,2004-12-01,2004-12-31,monthly,diesel,Italy national,national statistical series,self-service,EUR/litre,1.02,0.44679000000000013,0.4032099999999999,0.17000000000000007,0.57321,observed/curated,derived from final price + statutory tax schedule,False,False,31,31,MASE monthly fuel-price series — curated chart copy,https://sisen.mase.gov.it/dgsaie/open-data,"Final price follows the monthly series used for the charts. Components are reconstructed from final price, VAT rules and the statutory excise schedule. Use update_data.py to import a freshly downloaded official MASE CSV."
2005-01-01,2005-01-01,2005-01-31,monthly,diesel,Italy national,national statistical series,self-service,EUR/litre,1.0108,0.4391233333333333,0.4032099999999999,0.16846666666666674,0.5716766666666666,observed/curated,derived from final price + statutory tax schedule,False,False,31,31,MASE monthly fuel-price series — curated chart copy,https://sisen.mase.gov.it/dgsaie/open-data,"Final price follows the monthly series used for the charts. Components are reconstructed from final price, VAT rules and the statutory excise schedule. Use update_data.py to import a freshly downloaded official MASE CSV."
2005-02-01,2005-02-01,2005-02-28,monthly,diesel,Italy national,national statistical series,self-service,EUR/litre,1.0227,0.4465924999999999,0.40565750000000006,0.17045000000000005,0.5761075000000001,observed/curated,derived from final price + statutory tax schedule,False,False,28,28,MASE monthly fuel-price series — curated chart copy,https://sisen.mase.gov.it/dgsaie/open-data,"Final price follows the monthly series used for the charts. Components are reconstructed from final price, VAT rules and the statutory excise schedule. Use update_data.py to import a freshly downloaded official MASE CSV."
2005-03-01,2005-03-01,2005-03-31,monthly,diesel,Italy national,national statistical series,self-service,EUR/litre,1.0644,0.47399999999999987,0.41300000000000003,0.17740000000000009,0.5904000000000001,observed/curated,derived from final price + statutory tax schedule,False,False,31,31,MASE monthly fuel-price series — curated chart copy,https://sisen.mase.gov.it/dgsaie/open-data,"Final price follows the monthly series used for the charts. Components are reconstructed from final price, VAT rules and the statutory excise schedule. Use update_data.py to import a freshly downloaded official MASE CSV."
2005-04-01,2005-04-01,2005-04-30,monthly,diesel,Italy national,national statistical series,self-service,EUR/litre,1.1104,0.5123333333333333,0.41300000000000003,0.18506666666666674,0.5980666666666667,observed/curated,derived from final price + statutory tax schedule,False,False,30,30,MASE monthly fuel-price series — curated chart copy,https://sisen.mase.gov.it/dgsaie/open-data,"Final price follows the monthly series used for the charts. Components are reconstructed from final price, VAT rules and the statutory excise schedule. Use update_data.py to import a freshly downloaded official MASE CSV."
2005-05-01,2005-05-01,2005-05-31,monthly,diesel,Italy national,national statistical series,self-service,EUR/litre,1.0667,0.47591666666666654,0.41300000000000003,0.1777833333333334,0.5907833333333334,observed/curated,derived from final price + statutory tax schedule,False,False,31,31,MASE monthly fuel-price series — curated chart copy,https://sisen.mase.gov.it/dgsaie/open-data,"Final price follows the monthly series used for the charts. Components are reconstructed from final price, VAT rules and the statutory excise schedule. Use update_data.py to import a freshly downloaded official MASE CSV."
2005-06-01,2005-06-01,2005-06-30,monthly,diesel,Italy national,national statistical series,self-service,EUR/litre,1.1004,0.504,0.41300000000000003,0.18340000000000006,0.5964,observed/curated,derived from final price + statutory tax schedule,False,False,30,30,MASE monthly fuel-price series — curated chart copy,https://sisen.mase.gov.it/dgsaie/open-data,"Final price follows the monthly series used for the charts. Components are reconstructed from final price, VAT rules and the statutory excise schedule. Use update_data.py to import a freshly downloaded official MASE CSV."
2005-07-01,2005-07-01,2005-07-31,monthly,diesel,Italy national,national statistical series,self-service,EUR/litre,1.1321,0.5304166666666666,0.41300000000000003,0.18868333333333343,0.6016833333333335,observed/curated,derived from final price + statutory tax schedule,False,False,31,31,MASE monthly fuel-price series — curated chart copy,https://sisen.mase.gov.it/dgsaie/open-data,"Final price follows the monthly series used for the charts. Components are reconstructed from final price, VAT rules and the statutory excise schedule. Use update_data.py to import a freshly downloaded official MASE CSV."
2005-08-01,2005-08-01,2005-08-31,monthly,diesel,Italy national,national statistical series,self-service,EUR/litre,1.145,0.5411666666666666,0.41300000000000003,0.1908333333333334,0.6038333333333334,observed/curated,derived from final price + statutory tax schedule,False,False,31,31,MASE monthly fuel-price series — curated chart copy,https://sisen.mase.gov.it/dgsaie/open-data,"Final price follows the monthly series used for the charts. Components are reconstructed from final price, VAT rules and the statutory excise schedule. Use update_data.py to import a freshly downloaded official MASE CSV."
2005-09-01,2005-09-01,2005-09-30,monthly,diesel,Italy national,national statistical series,self-service,EUR/litre,1.1856,0.575,0.41300000000000003,0.19760000000000005,0.6106,observed/curated,derived from final price + statutory tax schedule,False,False,30,30,MASE monthly fuel-price series — curated chart copy,https://sisen.mase.gov.it/dgsaie/open-data,"Final price follows the monthly series used for the charts. Components are reconstructed from final price, VAT rules and the statutory excise schedule. Use update_data.py to import a freshly downloaded official MASE CSV."
2005-10-01,2005-10-01,2005-10-31,monthly,diesel,Italy national,national statistical series,self-service,EUR/litre,1.2058,0.5918333333333332,0.41300000000000003,0.20096666666666677,0.6139666666666668,observed/curated,derived from final price + statutory tax schedule,False,False,31,31,MASE monthly fuel-price series — curated chart copy,https://sisen.mase.gov.it/dgsaie/open-data,"Final price follows the monthly series used for the charts. Components are reconstructed from final price, VAT rules and the statutory excise schedule. Use update_data.py to import a freshly downloaded official MASE CSV."
2005-11-01,2005-11-01,2005-11-30,monthly,diesel,Italy national,national statistical series,self-service,EUR/litre,1.1356,0.5333333333333332,0.41300000000000003,0.18926666666666672,0.6022666666666667,observed/curated,derived from final price + statutory tax schedule,False,False,30,30,MASE monthly fuel-price series — curated chart copy,https://sisen.mase.gov.it/dgsaie/open-data,"Final price follows the monthly series used for the charts. Components are reconstructed from final price, VAT rules and the statutory excise schedule. Use update_data.py to import a freshly downloaded official MASE CSV."
2005-12-01,2005-12-01,2005-12-31,monthly,diesel,Italy national,national statistical series,self-service,EUR/litre,1.1171,0.5179166666666666,0.41300000000000003,0.18618333333333342,0.5991833333333334,observed/curated,derived from final price + statutory tax schedule,False,False,31,31,MASE monthly fuel-price series — curated chart copy,https://sisen.mase.gov.it/dgsaie/open-data,"Final price follows the monthly series used for the charts. Components are reconstructed from final price, VAT rules and the statutory excise schedule. Use update_data.py to import a freshly downloaded official MASE CSV."
2006-01-01,2006-01-01,2006-01-31,monthly,diesel,Italy national,national statistical series,self-service,EUR/litre,1.149,0.5444999999999999,0.41300000000000003,0.1915000000000001,0.6045000000000001,observed/curated,derived from final price + statutory tax schedule,False,False,31,31,MASE monthly fuel-price series — curated chart copy,https://sisen.mase.gov.it/dgsaie/open-data,"Final price follows the monthly series used for the charts. Components are reconstructed from final price, VAT rules and the statutory excise schedule. Use update_data.py to import a freshly downloaded official MASE CSV."
2006-02-01,2006-02-01,2006-02-28,monthly,diesel,Italy national,national statistical series,self-service,EUR/litre,1.1474,0.5431666666666666,0.413,0.1912333333333334,0.6042333333333334,observed/curated,derived from final price + statutory tax schedule,False,False,28,28,MASE monthly fuel-price series — curated chart copy,https://sisen.mase.gov.it/dgsaie/open-data,"Final price follows the monthly series used for the charts. Components are reconstructed from final price, VAT rules and the statutory excise schedule. Use update_data.py to import a freshly downloaded official MASE CSV."
2006-03-01,2006-03-01,2006-03-31,monthly,diesel,Italy national,national statistical series,self-service,EUR/litre,1.1682,0.5604999999999998,0.41300000000000003,0.19470000000000007,0.6077000000000001,observed/curated,derived from final price + statutory tax schedule,False,False,31,31,MASE monthly fuel-price series — curated chart copy,https://sisen.mase.gov.it/dgsaie/open-data,"Final price follows the monthly series used for the charts. Components are reconstructed from final price, VAT rules and the statutory excise schedule. Use update_data.py to import a freshly downloaded official MASE CSV."
2006-04-01,2006-04-01,2006-04-30,monthly,diesel,Italy national,national statistical series,self-service,EUR/litre,1.1824,0.5723333333333331,0.41300000000000003,0.1970666666666667,0.6100666666666668,observed/curated,derived from final price + statutory tax schedule,False,False,30,30,MASE monthly fuel-price series — curated chart copy,https://sisen.mase.gov.it/dgsaie/open-data,"Final price follows the monthly series used for the charts. Components are reconstructed from final price, VAT rules and the statutory excise schedule. Use update_data.py to import a freshly downloaded official MASE CSV."
2006-05-01,2006-05-01,2006-05-31,monthly,diesel,Italy national,national statistical series,self-service,EUR/litre,1.2052,0.5913333333333333,0.41300000000000003,0.20086666666666678,0.6138666666666668,observed/curated,derived from final price + statutory tax schedule,False,False,31,31,MASE monthly fuel-price series — curated chart copy,https://sisen.mase.gov.it/dgsaie/open-data,"Final price follows the monthly series used for the charts. Components are reconstructed from final price, VAT rules and the statutory excise schedule. Use update_data.py to import a freshly downloaded official MASE CSV."
2006-06-01,2006-06-01,2006-06-30,monthly,diesel,Italy national,national statistical series,self-service,EUR/litre,1.1971,0.5845833333333332,0.41300000000000003,0.19951666666666673,0.6125166666666668,observed/curated,derived from final price + statutory tax schedule,False,False,30,30,MASE monthly fuel-price series — curated chart copy,https://sisen.mase.gov.it/dgsaie/open-data,"Final price follows the monthly series used for the charts. Components are reconstructed from final price, VAT rules and the statutory excise schedule. Use update_data.py to import a freshly downloaded official MASE CSV."
2006-07-01,2006-07-01,2006-07-31,monthly,diesel,Italy national,national statistical series,self-service,EUR/litre,1.204,0.5903333333333332,0.41300000000000003,0.20066666666666674,0.6136666666666668,observed/curated,derived from final price + statutory tax schedule,False,False,31,31,MASE monthly fuel-price series — curated chart copy,https://sisen.mase.gov.it/dgsaie/open-data,"Final price follows the monthly series used for the charts. Components are reconstructed from final price, VAT rules and the statutory excise schedule. Use update_data.py to import a freshly downloaded official MASE CSV."
2006-08-01,2006-08-01,2006-08-31,monthly,diesel,Italy national,national statistical series,self-service,EUR/litre,1.2067,0.5925833333333332,0.41300000000000003,0.20111666666666678,0.6141166666666669,observed/curated,derived from final price + statutory tax schedule,False,False,31,31,MASE monthly fuel-price series — curated chart copy,https://sisen.mase.gov.it/dgsaie/open-data,"Final price follows the monthly series used for the charts. Components are reconstructed from final price, VAT rules and the statutory excise schedule. Use update_data.py to import a freshly downloaded official MASE CSV."
2006-09-01,2006-09-01,2006-09-30,monthly,diesel,Italy national,national statistical series,self-service,EUR/litre,1.1633,0.5564166666666666,0.41300000000000003,0.19388333333333338,0.6068833333333334,observed/curated,derived from final price + statutory tax schedule,False,False,30,30,MASE monthly fuel-price series — curated chart copy,https://sisen.mase.gov.it/dgsaie/open-data,"Final price follows the monthly series used for the charts. Components are reconstructed from final price, VAT rules and the statutory excise schedule. Use update_data.py to import a freshly downloaded official MASE CSV."
2006-10-01,2006-10-01,2006-10-31,monthly,diesel,Italy national,national statistical series,self-service,EUR/litre,1.119,0.5166935483870966,0.4158064516129033,0.18650000000000008,0.6023064516129034,observed/curated,derived from final price + statutory tax schedule,False,False,31,31,MASE monthly fuel-price series — curated chart copy,https://sisen.mase.gov.it/dgsaie/open-data,"Final price follows the monthly series used for the charts. Components are reconstructed from final price, VAT rules and the statutory excise schedule. Use update_data.py to import a freshly downloaded official MASE CSV."
2006-11-01,2006-11-01,2006-11-30,monthly,diesel,Italy national,national statistical series,self-service,EUR/litre,1.1151,0.5132499999999998,0.4160000000000001,0.18585000000000004,0.6018500000000001,observed/curated,derived from final price + statutory tax schedule,False,False,30,30,MASE monthly fuel-price series — curated chart copy,https://sisen.mase.gov.it/dgsaie/open-data,"Final price follows the monthly series used for the charts. Components are reconstructed from final price, VAT rules and the statutory excise schedule. Use update_data.py to import a freshly downloaded official MASE CSV."
2006-12-01,2006-12-01,2006-12-31,monthly,diesel,Italy national,national statistical series,self-service,EUR/litre,1.1139,0.5122499999999997,0.4160000000000001,0.18565000000000006,0.6016500000000001,observed/curated,derived from final price + statutory tax schedule,False,False,31,31,MASE monthly fuel-price series — curated chart copy,https://sisen.mase.gov.it/dgsaie/open-data,"Final price follows the monthly series used for the charts. Components are reconstructed from final price, VAT rules and the statutory excise schedule. Use update_data.py to import a freshly downloaded official MASE CSV."
2007-01-01,2007-01-01,2007-01-31,monthly,diesel,Italy national,national statistical series,self-service,EUR/litre,1.093,0.49483333333333307,0.4160000000000001,0.18216666666666675,0.5981666666666668,observed/curated,derived from final price + statutory tax schedule,False,False,31,31,MASE monthly fuel-price series — curated chart copy,https://sisen.mase.gov.it/dgsaie/open-data,"Final price follows the monthly series used for the charts. Components are reconstructed from final price, VAT rules and the statutory excise schedule. Use update_data.py to import a freshly downloaded official MASE CSV."
2007-02-01,2007-02-01,2007-02-28,monthly,diesel,Italy national,national statistical series,self-service,EUR/litre,1.0852,0.4883333333333332,0.41600000000000004,0.1808666666666667,0.5968666666666668,observed/curated,derived from final price + statutory tax schedule,False,False,28,28,MASE monthly fuel-price series — curated chart copy,https://sisen.mase.gov.it/dgsaie/open-data,"Final price follows the monthly series used for the charts. Components are reconstructed from final price, VAT rules and the statutory excise schedule. Use update_data.py to import a freshly downloaded official MASE CSV."
2007-03-01,2007-03-01,2007-03-31,monthly,diesel,Italy national,national statistical series,self-service,EUR/litre,1.1065,0.5060833333333331,0.4160000000000001,0.18441666666666676,0.6004166666666668,observed/curated,derived from final price + statutory tax schedule,False,False,31,31,MASE monthly fuel-price series — curated chart copy,https://sisen.mase.gov.it/dgsaie/open-data,"Final price follows the monthly series used for the charts. Components are reconstructed from final price, VAT rules and the statutory excise schedule. Use update_data.py to import a freshly downloaded official MASE CSV."
2007-04-01,2007-04-01,2007-04-30,monthly,diesel,Italy national,national statistical series,self-service,EUR/litre,1.1245,0.5210833333333331,0.4160000000000001,0.18741666666666673,0.6034166666666668,observed/curated,derived from final price + statutory tax schedule,False,False,30,30,MASE monthly fuel-price series — curated chart copy,https://sisen.mase.gov.it/dgsaie/open-data,"Final price follows the monthly series used for the charts. Components are reconstructed from final price, VAT rules and the statutory excise schedule. Use update_data.py to import a freshly downloaded official MASE CSV."
2007-05-01,2007-05-01,2007-05-31,monthly,diesel,Italy national,national statistical series,self-service,EUR/litre,1.1324,0.5276666666666665,0.4160000000000001,0.18873333333333342,0.6047333333333336,observed/curated,derived from final price + statutory tax schedule,False,False,31,31,MASE monthly fuel-price series — curated chart copy,https://sisen.mase.gov.it/dgsaie/open-data,"Final price follows the monthly series used for the charts. Components are reconstructed from final price, VAT rules and the statutory excise schedule. Use update_data.py to import a freshly downloaded official MASE CSV."
2007-06-01,2007-06-01,2007-06-30,monthly,diesel,Italy national,national statistical series,self-service,EUR/litre,1.1517,0.5367499999999998,0.423,0.19195000000000004,0.61495,observed/curated,derived from final price + statutory tax schedule,False,False,30,30,MASE monthly fuel-price series — curated chart copy,https://sisen.mase.gov.it/dgsaie/open-data,"Final price follows the monthly series used for the charts. Components are reconstructed from final price, VAT rules and the statutory excise schedule. Use update_data.py to import a freshly downloaded official MASE CSV."
2007-07-01,2007-07-01,2007-07-31,monthly,diesel,Italy national,national statistical series,self-service,EUR/litre,1.1635,0.5465833333333332,0.423,0.19391666666666674,0.6169166666666668,observed/curated,derived from final price + statutory tax schedule,False,False,31,31,MASE monthly fuel-price series — curated chart copy,https://sisen.mase.gov.it/dgsaie/open-data,"Final price follows the monthly series used for the charts. Components are reconstructed from final price, VAT rules and the statutory excise schedule. Use update_data.py to import a freshly downloaded official MASE CSV."
2007-08-01,2007-08-01,2007-08-31,monthly,diesel,Italy national,national statistical series,self-service,EUR/litre,1.1731,0.5545833333333332,0.423,0.19551666666666676,0.6185166666666667,observed/curated,derived from final price + statutory tax schedule,False,False,31,31,MASE monthly fuel-price series — curated chart copy,https://sisen.mase.gov.it/dgsaie/open-data,"Final price follows the monthly series used for the charts. Components are reconstructed from final price, VAT rules and the statutory excise schedule. Use update_data.py to import a freshly downloaded official MASE CSV."
2007-09-01,2007-09-01,2007-09-30,monthly,diesel,Italy national,national statistical series,self-service,EUR/litre,1.1818,0.5618333333333332,0.423,0.1969666666666667,0.6199666666666667,observed/curated,derived from final price + statutory tax schedule,False,False,30,30,MASE monthly fuel-price series — curated chart copy,https://sisen.mase.gov.it/dgsaie/open-data,"Final price follows the monthly series used for the charts. Components are reconstructed from final price, VAT rules and the statutory excise schedule. Use update_data.py to import a freshly downloaded official MASE CSV."
2007-10-01,2007-10-01,2007-10-31,monthly,diesel,Italy national,national statistical series,self-service,EUR/litre,1.2063,0.5822499999999998,0.423,0.2010500000000001,0.6240500000000001,observed/curated,derived from final price + statutory tax schedule,False,False,31,31,MASE monthly fuel-price series — curated chart copy,https://sisen.mase.gov.it/dgsaie/open-data,"Final price follows the monthly series used for the charts. Components are reconstructed from final price, VAT rules and the statutory excise schedule. Use update_data.py to import a freshly downloaded official MASE CSV."
2007-11-01,2007-11-01,2007-11-30,monthly,diesel,Italy national,national statistical series,self-service,EUR/litre,1.2605,0.6274166666666665,0.423,0.21008333333333337,0.6330833333333333,observed/curated,derived from final price + statutory tax schedule,False,False,30,30,MASE monthly fuel-price series — curated chart copy,https://sisen.mase.gov.it/dgsaie/open-data,"Final price follows the monthly series used for the charts. Components are reconstructed from final price, VAT rules and the statutory excise schedule. Use update_data.py to import a freshly downloaded official MASE CSV."
2007-12-01,2007-12-01,2007-12-31,monthly,diesel,Italy national,national statistical series,self-service,EUR/litre,1.286,0.6486666666666665,0.423,0.21433333333333343,0.6373333333333334,observed/curated,derived from final price + statutory tax schedule,False,False,31,31,MASE monthly fuel-price series — curated chart copy,https://sisen.mase.gov.it/dgsaie/open-data,"Final price follows the monthly series used for the charts. Components are reconstructed from final price, VAT rules and the statutory excise schedule. Use update_data.py to import a freshly downloaded official MASE CSV."
2008-01-01,2008-01-01,2008-01-31,monthly,diesel,Italy national,national statistical series,self-service,EUR/litre,1.2746,0.6391666666666664,0.423,0.21243333333333342,0.6354333333333334,observed/curated,derived from final price + statutory tax schedule,False,False,31,31,MASE monthly fuel-price series — curated chart copy,https://sisen.mase.gov.it/dgsaie/open-data,"Final price follows the monthly series used for the charts. Components are reconstructed from final price, VAT rules and the statutory excise schedule. Use update_data.py to import a freshly downloaded official MASE CSV."
2008-02-01,2008-02-01,2008-02-29,monthly,diesel,Italy national,national statistical series,self-service,EUR/litre,1.2764,0.6406666666666665,0.423,0.21273333333333339,0.6357333333333334,observed/curated,derived from final price + statutory tax schedule,False,False,29,29,MASE monthly fuel-price series — curated chart copy,https://sisen.mase.gov.it/dgsaie/open-data,"Final price follows the monthly series used for the charts. Components are reconstructed from final price, VAT rules and the statutory excise schedule. Use update_data.py to import a freshly downloaded official MASE CSV."
2008-03-01,2008-03-01,2008-03-31,monthly,diesel,Italy national,national statistical series,self-service,EUR/litre,1.3286,0.6841666666666666,0.423,0.22143333333333343,0.6444333333333334,observed/curated,derived from final price + statutory tax schedule,False,False,31,31,MASE monthly fuel-price series — curated chart copy,https://sisen.mase.gov.it/dgsaie/open-data,"Final price follows the monthly series used for the charts. Components are reconstructed from final price, VAT rules and the statutory excise schedule. Use update_data.py to import a freshly downloaded official MASE CSV."
2008-04-01,2008-04-01,2008-04-30,monthly,diesel,Italy national,national statistical series,self-service,EUR/litre,1.354,0.7053333333333334,0.423,0.22566666666666674,0.6486666666666667,observed/curated,derived from final price + statutory tax schedule,False,False,30,30,MASE monthly fuel-price series — curated chart copy,https://sisen.mase.gov.it/dgsaie/open-data,"Final price follows the monthly series used for the charts. Components are reconstructed from final price, VAT rules and the statutory excise schedule. Use update_data.py to import a freshly downloaded official MASE CSV."
2008-05-01,2008-05-01,2008-05-31,monthly,diesel,Italy national,national statistical series,self-service,EUR/litre,1.4544,0.7889999999999998,0.423,0.2424000000000001,0.6654000000000001,observed/curated,derived from final price + statutory tax schedule,False,False,31,31,MASE monthly fuel-price series — curated chart copy,https://sisen.mase.gov.it/dgsaie/open-data,"Final price follows the monthly series used for the charts. Components are reconstructed from final price, VAT rules and the statutory excise schedule. Use update_data.py to import a freshly downloaded official MASE CSV."
2008-06-01,2008-06-01,2008-06-30,monthly,diesel,Italy national,national statistical series,self-service,EUR/litre,1.5099,0.8352499999999998,0.423,0.2516500000000001,0.6746500000000001,observed/curated,derived from final price + statutory tax schedule,False,False,30,30,MASE monthly fuel-price series — curated chart copy,https://sisen.mase.gov.it/dgsaie/open-data,"Final price follows the monthly series used for the charts. Components are reconstructed from final price, VAT rules and the statutory excise schedule. Use update_data.py to import a freshly downloaded official MASE CSV."
2008-07-01,2008-07-01,2008-07-31,monthly,diesel,Italy national,national statistical series,self-service,EUR/litre,1.514,0.8386666666666664,0.423,0.25233333333333346,0.6753333333333335,observed/curated,derived from final price + statutory tax schedule,False,False,31,31,MASE monthly fuel-price series — curated chart copy,https://sisen.mase.gov.it/dgsaie/open-data,"Final price follows the monthly series used for the charts. Components are reconstructed from final price, VAT rules and the statutory excise schedule. Use update_data.py to import a freshly downloaded official MASE CSV."
2008-08-01,2008-08-01,2008-08-31,monthly,diesel,Italy national,national statistical series,self-service,EUR/litre,1.4318,0.7701666666666664,0.423,0.23863333333333342,0.6616333333333334,observed/curated,derived from final price + statutory tax schedule,False,False,31,31,MASE monthly fuel-price series — curated chart copy,https://sisen.mase.gov.it/dgsaie/open-data,"Final price follows the monthly series used for the charts. Components are reconstructed from final price, VAT rules and the statutory excise schedule. Use update_data.py to import a freshly downloaded official MASE CSV."
2008-09-01,2008-09-01,2008-09-30,monthly,diesel,Italy national,national statistical series,self-service,EUR/litre,1.3809,0.7277499999999999,0.423,0.23015000000000008,0.6531500000000001,observed/curated,derived from final price + statutory tax schedule,False,False,30,30,MASE monthly fuel-price series — curated chart copy,https://sisen.mase.gov.it/dgsaie/open-data,"Final price follows the monthly series used for the charts. Components are reconstructed from final price, VAT rules and the statutory excise schedule. Use update_data.py to import a freshly downloaded official MASE CSV."
2008-10-01,2008-10-01,2008-10-31,monthly,diesel,Italy national,national statistical series,self-service,EUR/litre,1.2856,0.6483333333333332,0.423,0.21426666666666677,0.6372666666666668,observed/curated,derived from final price + statutory tax schedule,False,False,31,31,MASE monthly fuel-price series — curated chart copy,https://sisen.mase.gov.it/dgsaie/open-data,"Final price follows the monthly series used for the charts. Components are reconstructed from final price, VAT rules and the statutory excise schedule. Use update_data.py to import a freshly downloaded official MASE CSV."
2008-11-01,2008-11-01,2008-11-30,monthly,diesel,Italy national,national statistical series,self-service,EUR/litre,1.1921,0.5704166666666666,0.423,0.19868333333333338,0.6216833333333334,observed/curated,derived from final price + statutory tax schedule,False,False,30,30,MASE monthly fuel-price series — curated chart copy,https://sisen.mase.gov.it/dgsaie/open-data,"Final price follows the monthly series used for the charts. Components are reconstructed from final price, VAT rules and the statutory excise schedule. Use update_data.py to import a freshly downloaded official MASE CSV."
2008-12-01,2008-12-01,2008-12-31,monthly,diesel,Italy national,national statistical series,self-service,EUR/litre,1.0971,0.49124999999999985,0.423,0.18285000000000007,0.60585,observed/curated,derived from final price + statutory tax schedule,False,False,31,31,MASE monthly fuel-price series — curated chart copy,https://sisen.mase.gov.it/dgsaie/open-data,"Final price follows the monthly series used for the charts. Components are reconstructed from final price, VAT rules and the statutory excise schedule. Use update_data.py to import a freshly downloaded official MASE CSV."
2009-01-01,2009-01-01,2009-01-31,monthly,diesel,Italy national,national statistical series,self-service,EUR/litre,1.0514,0.4531666666666665,0.423,0.17523333333333338,0.5982333333333334,observed/curated,derived from final price + statutory tax schedule,False,False,31,31,MASE monthly fuel-price series — curated chart copy,https://sisen.mase.gov.it/dgsaie/open-data,"Final price follows the monthly series used for the charts. Components are reconstructed from final price, VAT rules and the statutory excise schedule. Use update_data.py to import a freshly downloaded official MASE CSV."
2009-02-01,2009-02-01,2009-02-28,monthly,diesel,Italy national,national statistical series,self-service,EUR/litre,1.0557,0.45675,0.423,0.17595000000000005,0.5989500000000001,observed/curated,derived from final price + statutory tax schedule,False,False,28,28,MASE monthly fuel-price series — curated chart copy,https://sisen.mase.gov.it/dgsaie/open-data,"Final price follows the monthly series used for the charts. Components are reconstructed from final price, VAT rules and the statutory excise schedule. Use update_data.py to import a freshly downloaded official MASE CSV."
2009-03-01,2009-03-01,2009-03-31,monthly,diesel,Italy national,national statistical series,self-service,EUR/litre,1.0252,0.4313333333333331,0.423,0.17086666666666672,0.5938666666666668,observed/curated,derived from final price + statutory tax schedule,False,False,31,31,MASE monthly fuel-price series — curated chart copy,https://sisen.mase.gov.it/dgsaie/open-data,"Final price follows the monthly series used for the charts. Components are reconstructed from final price, VAT rules and the statutory excise schedule. Use update_data.py to import a freshly downloaded official MASE CSV."
2009-04-01,2009-04-01,2009-04-30,monthly,diesel,Italy national,national statistical series,self-service,EUR/litre,1.0464,0.4489999999999999,0.423,0.17440000000000005,0.5974,observed/curated,derived from final price + statutory tax schedule,False,False,30,30,MASE monthly fuel-price series — curated chart copy,https://sisen.mase.gov.it/dgsaie/open-data,"Final price follows the monthly series used for the charts. Components are reconstructed from final price, VAT rules and the statutory excise schedule. Use update_data.py to import a freshly downloaded official MASE CSV."
2009-05-01,2009-05-01,2009-05-31,monthly,diesel,Italy national,national statistical series,self-service,EUR/litre,1.0623,0.46224999999999994,0.423,0.17705000000000007,0.6000500000000001,observed/curated,derived from final price + statutory tax schedule,False,False,31,31,MASE monthly fuel-price series — curated chart copy,https://sisen.mase.gov.it/dgsaie/open-data,"Final price follows the monthly series used for the charts. Components are reconstructed from final price, VAT rules and the statutory excise schedule. Use update_data.py to import a freshly downloaded official MASE CSV."
2009-06-01,2009-06-01,2009-06-30,monthly,diesel,Italy national,national statistical series,self-service,EUR/litre,1.0968,0.4909999999999999,0.423,0.18280000000000005,0.6058,observed/curated,derived from final price + statutory tax schedule,False,False,30,30,MASE monthly fuel-price series — curated chart copy,https://sisen.mase.gov.it/dgsaie/open-data,"Final price follows the monthly series used for the charts. Components are reconstructed from final price, VAT rules and the statutory excise schedule. Use update_data.py to import a freshly downloaded official MASE CSV."
2009-07-01,2009-07-01,2009-07-31,monthly,diesel,Italy national,national statistical series,self-service,EUR/litre,1.0846,0.4808333333333332,0.423,0.18076666666666674,0.6037666666666668,observed/curated,derived from final price + statutory tax schedule,False,False,31,31,MASE monthly fuel-price series — curated chart copy,https://sisen.mase.gov.it/dgsaie/open-data,"Final price follows the monthly series used for the charts. Components are reconstructed from final price, VAT rules and the statutory excise schedule. Use update_data.py to import a freshly downloaded official MASE CSV."
2009-08-01,2009-08-01,2009-08-31,monthly,diesel,Italy national,national statistical series,self-service,EUR/litre,1.1181,0.5087499999999999,0.423,0.1863500000000001,0.6093500000000001,observed/curated,derived from final price + statutory tax schedule,False,False,31,31,MASE monthly fuel-price series — curated chart copy,https://sisen.mase.gov.it/dgsaie/open-data,"Final price follows the monthly series used for the charts. Components are reconstructed from final price, VAT rules and the statutory excise schedule. Use update_data.py to import a freshly downloaded official MASE CSV."
2009-09-01,2009-09-01,2009-09-30,monthly,diesel,Italy national,national statistical series,self-service,EUR/litre,1.0887,0.4842499999999999,0.423,0.18145000000000006,0.60445,observed/curated,derived from final price + statutory tax schedule,False,False,30,30,MASE monthly fuel-price series — curated chart copy,https://sisen.mase.gov.it/dgsaie/open-data,"Final price follows the monthly series used for the charts. Components are reconstructed from final price, VAT rules and the statutory excise schedule. Use update_data.py to import a freshly downloaded official MASE CSV."
2009-10-01,2009-10-01,2009-10-31,monthly,diesel,Italy national,national statistical series,self-service,EUR/litre,1.0997,0.49341666666666645,0.423,0.1832833333333334,0.6062833333333334,observed/curated,derived from final price + statutory tax schedule,False,False,31,31,MASE monthly fuel-price series — curated chart copy,https://sisen.mase.gov.it/dgsaie/open-data,"Final price follows the monthly series used for the charts. Components are reconstructed from final price, VAT rules and the statutory excise schedule. Use update_data.py to import a freshly downloaded official MASE CSV."
2009-11-01,2009-11-01,2009-11-30,monthly,diesel,Italy national,national statistical series,self-service,EUR/litre,1.1246,0.5141666666666667,0.423,0.1874333333333334,0.6104333333333334,observed/curated,derived from final price + statutory tax schedule,False,False,30,30,MASE monthly fuel-price series — curated chart copy,https://sisen.mase.gov.it/dgsaie/open-data,"Final price follows the monthly series used for the charts. Components are reconstructed from final price, VAT rules and the statutory excise schedule. Use update_data.py to import a freshly downloaded official MASE CSV."
2009-12-01,2009-12-01,2009-12-31,monthly,diesel,Italy national,national statistical series,self-service,EUR/litre,1.1143,0.5055833333333333,0.423,0.18571666666666675,0.6087166666666668,observed/curated,derived from final price + statutory tax schedule,False,False,31,31,MASE monthly fuel-price series — curated chart copy,https://sisen.mase.gov.it/dgsaie/open-data,"Final price follows the monthly series used for the charts. Components are reconstructed from final price, VAT rules and the statutory excise schedule. Use update_data.py to import a freshly downloaded official MASE CSV."
2010-01-01,2010-01-01,2010-01-31,monthly,diesel,Italy national,national statistical series,self-service,EUR/litre,1.1483,0.5339166666666666,0.423,0.19138333333333343,0.6143833333333334,observed/curated,derived from final price + statutory tax schedule,False,False,31,31,MASE monthly fuel-price series — curated chart copy,https://sisen.mase.gov.it/dgsaie/open-data,"Final price follows the monthly series used for the charts. Components are reconstructed from final price, VAT rules and the statutory excise schedule. Use update_data.py to import a freshly downloaded official MASE CSV."
2010-02-01,2010-02-01,2010-02-28,monthly,diesel,Italy national,national statistical series,self-service,EUR/litre,1.1423,0.5289166666666667,0.423,0.1903833333333334,0.6133833333333334,observed/curated,derived from final price + statutory tax schedule,False,False,28,28,MASE monthly fuel-price series — curated chart copy,https://sisen.mase.gov.it/dgsaie/open-data,"Final price follows the monthly series used for the charts. Components are reconstructed from final price, VAT rules and the statutory excise schedule. Use update_data.py to import a freshly downloaded official MASE CSV."
2010-03-01,2010-03-01,2010-03-31,monthly,diesel,Italy national,national statistical series,self-service,EUR/litre,1.191,0.5694999999999999,0.423,0.1985000000000001,0.6215,observed/curated,derived from final price + statutory tax schedule,False,False,31,31,MASE monthly fuel-price series — curated chart copy,https://sisen.mase.gov.it/dgsaie/open-data,"Final price follows the monthly series used for the charts. Components are reconstructed from final price, VAT rules and the statutory excise schedule. Use update_data.py to import a freshly downloaded official MASE CSV."
2010-04-01,2010-04-01,2010-04-30,monthly,diesel,Italy national,national statistical series,self-service,EUR/litre,1.2245,0.5974166666666665,0.423,0.20408333333333337,0.6270833333333333,observed/curated,derived from final price + statutory tax schedule,False,False,30,30,MASE monthly fuel-price series — curated chart copy,https://sisen.mase.gov.it/dgsaie/open-data,"Final price follows the monthly series used for the charts. Components are reconstructed from final price, VAT rules and the statutory excise schedule. Use update_data.py to import a freshly downloaded official MASE CSV."
2010-05-01,2010-05-01,2010-05-31,monthly,diesel,Italy national,national statistical series,self-service,EUR/litre,1.2375,0.60825,0.423,0.2062500000000001,0.6292500000000001,observed/curated,derived from final price + statutory tax schedule,False,False,31,31,MASE monthly fuel-price series — curated chart copy,https://sisen.mase.gov.it/dgsaie/open-data,"Final price follows the monthly series used for the charts. Components are reconstructed from final price, VAT rules and the statutory excise schedule. Use update_data.py to import a freshly downloaded official MASE CSV."
2010-06-01,2010-06-01,2010-06-30,monthly,diesel,Italy national,national statistical series,self-service,EUR/litre,1.2423,0.6122499999999998,0.423,0.20705000000000004,0.63005,observed/curated,derived from final price + statutory tax schedule,False,False,30,30,MASE monthly fuel-price series — curated chart copy,https://sisen.mase.gov.it/dgsaie/open-data,"Final price follows the monthly series used for the charts. Components are reconstructed from final price, VAT rules and the statutory excise schedule. Use update_data.py to import a freshly downloaded official MASE CSV."
2010-07-01,2010-07-01,2010-07-31,monthly,diesel,Italy national,national statistical series,self-service,EUR/litre,1.2102,0.5854999999999998,0.423,0.20170000000000007,0.6247,observed/curated,derived from final price + statutory tax schedule,False,False,31,31,MASE monthly fuel-price series — curated chart copy,https://sisen.mase.gov.it/dgsaie/open-data,"Final price follows the monthly series used for the charts. Components are reconstructed from final price, VAT rules and the statutory excise schedule. Use update_data.py to import a freshly downloaded official MASE CSV."
2010-08-01,2010-08-01,2010-08-31,monthly,diesel,Italy national,national statistical series,self-service,EUR/litre,1.2112,0.5863333333333333,0.423,0.20186666666666678,0.6248666666666668,observed/curated,derived from final price + statutory tax schedule,False,False,31,31,MASE monthly fuel-price series — curated chart copy,https://sisen.mase.gov.it/dgsaie/open-data,"Final price follows the monthly series used for the charts. Components are reconstructed from final price, VAT rules and the statutory excise schedule. Use update_data.py to import a freshly downloaded official MASE CSV."
2010-09-01,2010-09-01,2010-09-30,monthly,diesel,Italy national,national statistical series,self-service,EUR/litre,1.2188,0.5926666666666667,0.423,0.20313333333333342,0.6261333333333334,observed/curated,derived from final price + statutory tax schedule,False,False,30,30,MASE monthly fuel-price series — curated chart copy,https://sisen.mase.gov.it/dgsaie/open-data,"Final price follows the monthly series used for the charts. Components are reconstructed from final price, VAT rules and the statutory excise schedule. Use update_data.py to import a freshly downloaded official MASE CSV."
2010-10-01,2010-10-01,2010-10-31,monthly,diesel,Italy national,national statistical series,self-service,EUR/litre,1.2221,0.5954166666666665,0.423,0.2036833333333334,0.6266833333333334,observed/curated,derived from final price + statutory tax schedule,False,False,31,31,MASE monthly fuel-price series — curated chart copy,https://sisen.mase.gov.it/dgsaie/open-data,"Final price follows the monthly series used for the charts. Components are reconstructed from final price, VAT rules and the statutory excise schedule. Use update_data.py to import a freshly downloaded official MASE CSV."
2010-11-01,2010-11-01,2010-11-30,monthly,diesel,Italy national,national statistical series,self-service,EUR/litre,1.2454,0.6148333333333333,0.423,0.20756666666666673,0.6305666666666667,observed/curated,derived from final price + statutory tax schedule,False,False,30,30,MASE monthly fuel-price series — curated chart copy,https://sisen.mase.gov.it/dgsaie/open-data,"Final price follows the monthly series used for the charts. Components are reconstructed from final price, VAT rules and the statutory excise schedule. Use update_data.py to import a freshly downloaded official MASE CSV."
2010-12-01,2010-12-01,2010-12-31,monthly,diesel,Italy national,national statistical series,self-service,EUR/litre,1.2911,0.6529166666666665,0.423,0.21518333333333342,0.6381833333333334,observed/curated,derived from final price + statutory tax schedule,False,False,31,31,MASE monthly fuel-price series — curated chart copy,https://sisen.mase.gov.it/dgsaie/open-data,"Final price follows the monthly series used for the charts. Components are reconstructed from final price, VAT rules and the statutory excise schedule. Use update_data.py to import a freshly downloaded official MASE CSV."
2011-01-01,2011-01-01,2011-01-31,monthly,diesel,Italy national,national statistical series,self-service,EUR/litre,1.3332,0.6879999999999998,0.423,0.2222000000000001,0.6452000000000001,observed/curated,derived from final price + statutory tax schedule,False,False,31,31,MASE monthly fuel-price series — curated chart copy,https://sisen.mase.gov.it/dgsaie/open-data,"Final price follows the monthly series used for the charts. Components are reconstructed from final price, VAT rules and the statutory excise schedule. Use update_data.py to import a freshly downloaded official MASE CSV."
2011-02-01,2011-02-01,2011-02-28,monthly,diesel,Italy national,national statistical series,self-service,EUR/litre,1.3612,0.7113333333333332,0.423,0.22686666666666672,0.6498666666666667,observed/curated,derived from final price + statutory tax schedule,False,False,28,28,MASE monthly fuel-price series — curated chart copy,https://sisen.mase.gov.it/dgsaie/open-data,"Final price follows the monthly series used for the charts. Components are reconstructed from final price, VAT rules and the statutory excise schedule. Use update_data.py to import a freshly downloaded official MASE CSV."
2011-03-01,2011-03-01,2011-03-31,monthly,diesel,Italy national,national statistical series,self-service,EUR/litre,1.4233,0.7630833333333332,0.423,0.23721666666666677,0.6602166666666668,observed/curated,derived from final price + statutory tax schedule,False,False,31,31,MASE monthly fuel-price series — curated chart copy,https://sisen.mase.gov.it/dgsaie/open-data,"Final price follows the monthly series used for the charts. Components are reconstructed from final price, VAT rules and the statutory excise schedule. Use update_data.py to import a freshly downloaded official MASE CSV."
2011-04-01,2011-04-01,2011-04-30,monthly,diesel,Italy national,national statistical series,self-service,EUR/litre,1.4504,0.7795833333333331,0.4290833333333335,0.24173333333333338,0.6708166666666668,observed/curated,derived from final price + statutory tax schedule,False,False,30,30,MASE monthly fuel-price series — curated chart copy,https://sisen.mase.gov.it/dgsaie/open-data,"Final price follows the monthly series used for the charts. Components are reconstructed from final price, VAT rules and the statutory excise schedule. Use update_data.py to import a freshly downloaded official MASE CSV."
2011-05-01,2011-05-01,2011-05-31,monthly,diesel,Italy national,national statistical series,self-service,EUR/litre,1.418,0.7513666666666663,0.43030000000000024,0.23633333333333342,0.6666333333333336,observed/curated,derived from final price + statutory tax schedule,False,False,31,31,MASE monthly fuel-price series — curated chart copy,https://sisen.mase.gov.it/dgsaie/open-data,"Final price follows the monthly series used for the charts. Components are reconstructed from final price, VAT rules and the statutory excise schedule. Use update_data.py to import a freshly downloaded official MASE CSV."
2011-06-01,2011-06-01,2011-06-30,monthly,diesel,Italy national,national statistical series,self-service,EUR/litre,1.4005,0.7327833333333332,0.43430000000000013,0.23341666666666674,0.6677166666666668,observed/curated,derived from final price + statutory tax schedule,False,False,30,30,MASE monthly fuel-price series — curated chart copy,https://sisen.mase.gov.it/dgsaie/open-data,"Final price follows the monthly series used for the charts. Components are reconstructed from final price, VAT rules and the statutory excise schedule. Use update_data.py to import a freshly downloaded official MASE CSV."
2011-07-01,2011-07-01,2011-07-31,monthly,diesel,Italy national,national statistical series,self-service,EUR/litre,1.4528,0.7384666666666665,0.47220000000000023,0.24213333333333345,0.7143333333333337,observed/curated,derived from final price + statutory tax schedule,False,False,31,31,MASE monthly fuel-price series — curated chart copy,https://sisen.mase.gov.it/dgsaie/open-data,"Final price follows the monthly series used for the charts. Components are reconstructed from final price, VAT rules and the statutory excise schedule. Use update_data.py to import a freshly downloaded official MASE CSV."
2011-08-01,2011-08-01,2011-08-31,monthly,diesel,Italy national,national statistical series,self-service,EUR/litre,1.4566,0.7416333333333329,0.47220000000000023,0.24276666666666677,0.714966666666667,observed/curated,derived from final price + statutory tax schedule,False,False,31,31,MASE monthly fuel-price series — curated chart copy,https://sisen.mase.gov.it/dgsaie/open-data,"Final price follows the monthly series used for the charts. Components are reconstructed from final price, VAT rules and the statutory excise schedule. Use update_data.py to import a freshly downloaded official MASE CSV."
2011-09-01,2011-09-01,2011-09-30,monthly,diesel,Italy national,national statistical series,self-service,EUR/litre,1.4707,0.7486565656565654,0.4722000000000002,0.24984343434343434,0.7220434343434345,observed/curated,derived from final price + statutory tax schedule,False,False,30,30,MASE monthly fuel-price series — curated chart copy,https://sisen.mase.gov.it/dgsaie/open-data,"Final price follows the monthly series used for the charts. Components are reconstructed from final price, VAT rules and the statutory excise schedule. Use update_data.py to import a freshly downloaded official MASE CSV."
2011-10-01,2011-10-01,2011-10-31,monthly,diesel,Italy national,national statistical series,self-service,EUR/litre,1.4847,0.7548247933884294,0.47220000000000023,0.2576752066115703,0.7298752066115706,observed/curated,derived from final price + statutory tax schedule,False,False,31,31,MASE monthly fuel-price series — curated chart copy,https://sisen.mase.gov.it/dgsaie/open-data,"Final price follows the monthly series used for the charts. Components are reconstructed from final price, VAT rules and the statutory excise schedule. Use update_data.py to import a freshly downloaded official MASE CSV."
2011-11-01,2011-11-01,2011-11-30,monthly,diesel,Italy national,national statistical series,self-service,EUR/litre,1.518,0.7734454545454547,0.4810999999999999,0.2634545454545455,0.7445545454545455,observed/curated,derived from final price + statutory tax schedule,False,False,30,30,MASE monthly fuel-price series — curated chart copy,https://sisen.mase.gov.it/dgsaie/open-data,"Final price follows the monthly series used for the charts. Components are reconstructed from final price, VAT rules and the statutory excise schedule. Use update_data.py to import a freshly downloaded official MASE CSV."
2011-12-01,2011-12-01,2011-12-31,monthly,diesel,Italy national,national statistical series,self-service,EUR/litre,1.6228,0.769653798986937,0.5715032258064515,0.28164297520661163,0.8531462010130632,observed/curated,derived from final price + statutory tax schedule,False,False,31,31,MASE monthly fuel-price series — curated chart copy,https://sisen.mase.gov.it/dgsaie/open-data,"Final price follows the monthly series used for the charts. Components are reconstructed from final price, VAT rules and the statutory excise schedule. Use update_data.py to import a freshly downloaded official MASE CSV."
2012-01-01,2012-01-01,2012-01-31,monthly,diesel,Italy national,national statistical series,self-service,EUR/litre,1.6742,0.7904363636363636,0.5931999999999998,0.2905636363636364,0.8837636363636363,observed/curated,derived from final price + statutory tax schedule,False,False,31,31,MASE monthly fuel-price series — curated chart copy,https://sisen.mase.gov.it/dgsaie/open-data,"Final price follows the monthly series used for the charts. Components are reconstructed from final price, VAT rules and the statutory excise schedule. Use update_data.py to import a freshly downloaded official MASE CSV."
2012-02-01,2012-02-01,2012-02-29,monthly,diesel,Italy national,national statistical series,self-service,EUR/litre,1.6972,0.8094446280991736,0.5931999999999998,0.29455537190082653,0.8877553719008264,observed/curated,derived from final price + statutory tax schedule,False,False,29,29,MASE monthly fuel-price series — curated chart copy,https://sisen.mase.gov.it/dgsaie/open-data,"Final price follows the monthly series used for the charts. Components are reconstructed from final price, VAT rules and the statutory excise schedule. Use update_data.py to import a freshly downloaded official MASE CSV."
2012-03-01,2012-03-01,2012-03-31,monthly,diesel,Italy national,national statistical series,self-service,EUR/litre,1.7275,0.8344859504132232,0.5931999999999998,0.29981404958677693,0.8930140495867768,observed/curated,derived from final price + statutory tax schedule,False,False,31,31,MASE monthly fuel-price series — curated chart copy,https://sisen.mase.gov.it/dgsaie/open-data,"Final price follows the monthly series used for the charts. Components are reconstructed from final price, VAT rules and the statutory excise schedule. Use update_data.py to import a freshly downloaded official MASE CSV."
2012-04-01,2012-04-01,2012-04-30,monthly,diesel,Italy national,national statistical series,self-service,EUR/litre,1.7337,0.8396099173553722,0.5931999999999998,0.30089008264462813,0.894090082644628,observed/curated,derived from final price + statutory tax schedule,False,False,30,30,MASE monthly fuel-price series — curated chart copy,https://sisen.mase.gov.it/dgsaie/open-data,"Final price follows the monthly series used for the charts. Components are reconstructed from final price, VAT rules and the statutory excise schedule. Use update_data.py to import a freshly downloaded official MASE CSV."
2012-05-01,2012-05-01,2012-05-31,monthly,diesel,Italy national,national statistical series,self-service,EUR/litre,1.6952,0.8077917355371904,0.5931999999999998,0.29420826446280995,0.8874082644628098,observed/curated,derived from final price + statutory tax schedule,False,False,31,31,MASE monthly fuel-price series — curated chart copy,https://sisen.mase.gov.it/dgsaie/open-data,"Final price follows the monthly series used for the charts. Components are reconstructed from final price, VAT rules and the statutory excise schedule. Use update_data.py to import a freshly downloaded official MASE CSV."
2012-06-01,2012-06-01,2012-06-30,monthly,diesel,Italy national,national statistical series,self-service,EUR/litre,1.6536,0.7580782369146006,0.6085333333333331,0.2869884297520662,0.8955217630853993,observed/curated,derived from final price + statutory tax schedule,False,False,30,30,MASE monthly fuel-price series — curated chart copy,https://sisen.mase.gov.it/dgsaie/open-data,"Final price follows the monthly series used for the charts. Components are reconstructed from final price, VAT rules and the statutory excise schedule. Use update_data.py to import a freshly downloaded official MASE CSV."
2012-07-01,2012-07-01,2012-07-31,monthly,diesel,Italy national,national statistical series,self-service,EUR/litre,1.6535,0.7533289256198349,0.6131999999999997,0.28697107438016534,0.9001710743801651,observed/curated,derived from final price + statutory tax schedule,False,False,31,31,MASE monthly fuel-price series — curated chart copy,https://sisen.mase.gov.it/dgsaie/open-data,"Final price follows the monthly series used for the charts. Components are reconstructed from final price, VAT rules and the statutory excise schedule. Use update_data.py to import a freshly downloaded official MASE CSV."
2012-08-01,2012-08-01,2012-08-31,monthly,diesel,Italy national,national statistical series,self-service,EUR/litre,1.725,0.8095746734204212,0.6160451612903225,0.29938016528925626,0.9154253265795788,observed/curated,derived from final price + statutory tax schedule,False,False,31,31,MASE monthly fuel-price series — curated chart copy,https://sisen.mase.gov.it/dgsaie/open-data,"Final price follows the monthly series used for the charts. Components are reconstructed from final price, VAT rules and the statutory excise schedule. Use update_data.py to import a freshly downloaded official MASE CSV."
2012-09-01,2012-09-01,2012-09-30,monthly,diesel,Italy national,national statistical series,self-service,EUR/litre,1.7646,0.8409471074380165,0.6174,0.3062528925619835,0.9236528925619835,observed/curated,derived from final price + statutory tax schedule,False,False,30,30,MASE monthly fuel-price series — curated chart copy,https://sisen.mase.gov.it/dgsaie/open-data,"Final price follows the monthly series used for the charts. Components are reconstructed from final price, VAT rules and the statutory excise schedule. Use update_data.py to import a freshly downloaded official MASE CSV."
2012-10-01,2012-10-01,2012-10-31,monthly,diesel,Italy national,national statistical series,self-service,EUR/litre,1.7441,0.8240049586776859,0.6174,0.3026950413223141,0.9200950413223141,observed/curated,derived from final price + statutory tax schedule,False,False,31,31,MASE monthly fuel-price series — curated chart copy,https://sisen.mase.gov.it/dgsaie/open-data,"Final price follows the monthly series used for the charts. Components are reconstructed from final price, VAT rules and the statutory excise schedule. Use update_data.py to import a freshly downloaded official MASE CSV."
2012-11-01,2012-11-01,2012-11-30,monthly,diesel,Italy national,national statistical series,self-service,EUR/litre,1.7101,0.7959057851239669,0.6174,0.2967942148760331,0.914194214876033,observed/curated,derived from final price + statutory tax schedule,False,False,30,30,MASE monthly fuel-price series — curated chart copy,https://sisen.mase.gov.it/dgsaie/open-data,"Final price follows the monthly series used for the charts. Components are reconstructed from final price, VAT rules and the statutory excise schedule. Use update_data.py to import a freshly downloaded official MASE CSV."
2012-12-01,2012-12-01,2012-12-31,monthly,diesel,Italy national,national statistical series,self-service,EUR/litre,1.7015,0.788798347107438,0.6174,0.29530165289256205,0.912701652892562,observed/curated,derived from final price + statutory tax schedule,False,False,31,31,MASE monthly fuel-price series — curated chart copy,https://sisen.mase.gov.it/dgsaie/open-data,"Final price follows the monthly series used for the charts. Components are reconstructed from final price, VAT rules and the statutory excise schedule. Use update_data.py to import a freshly downloaded official MASE CSV."
2013-01-01,2013-01-01,2013-01-31,monthly,diesel,Italy national,national statistical series,self-service,EUR/litre,1.6915,0.7805338842975207,0.6174,0.29356611570247937,0.9109661157024793,observed/curated,derived from final price + statutory tax schedule,False,False,31,31,MASE monthly fuel-price series — curated chart copy,https://sisen.mase.gov.it/dgsaie/open-data,"Final price follows the monthly series used for the charts. Components are reconstructed from final price, VAT rules and the statutory excise schedule. Use update_data.py to import a freshly downloaded official MASE CSV."
2013-02-01,2013-02-01,2013-02-28,monthly,diesel,Italy national,national statistical series,self-service,EUR/litre,1.7018,0.7890462809917356,0.6174,0.2953537190082645,0.9127537190082644,observed/curated,derived from final price + statutory tax schedule,False,False,28,28,MASE monthly fuel-price series — curated chart copy,https://sisen.mase.gov.it/dgsaie/open-data,"Final price follows the monthly series used for the charts. Components are reconstructed from final price, VAT rules and the statutory excise schedule. Use update_data.py to import a freshly downloaded official MASE CSV."
2013-03-01,2013-03-01,2013-03-31,monthly,diesel,Italy national,national statistical series,self-service,EUR/litre,1.6926,0.7814429752066117,0.6174,0.2937570247933885,0.9111570247933884,observed/curated,derived from final price + statutory tax schedule,False,False,31,31,MASE monthly fuel-price series — curated chart copy,https://sisen.mase.gov.it/dgsaie/open-data,"Final price follows the monthly series used for the charts. Components are reconstructed from final price, VAT rules and the statutory excise schedule. Use update_data.py to import a freshly downloaded official MASE CSV."
2013-04-01,2013-04-01,2013-04-30,monthly,diesel,Italy national,national statistical series,self-service,EUR/litre,1.6364,0.734996694214876,0.6174,0.28400330578512406,0.9014033057851241,observed/curated,derived from final price + statutory tax schedule,False,False,30,30,MASE monthly fuel-price series — curated chart copy,https://sisen.mase.gov.it/dgsaie/open-data,"Final price follows the monthly series used for the charts. Components are reconstructed from final price, VAT rules and the statutory excise schedule. Use update_data.py to import a freshly downloaded official MASE CSV."
2013-05-01,2013-05-01,2013-05-31,monthly,diesel,Italy national,national statistical series,self-service,EUR/litre,1.6142,0.7166495867768596,0.6174,0.28015041322314055,0.8975504132231404,observed/curated,derived from final price + statutory tax schedule,False,False,31,31,MASE monthly fuel-price series — curated chart copy,https://sisen.mase.gov.it/dgsaie/open-data,"Final price follows the monthly series used for the charts. Components are reconstructed from final price, VAT rules and the statutory excise schedule. Use update_data.py to import a freshly downloaded official MASE CSV."
2013-06-01,2013-06-01,2013-06-30,monthly,diesel,Italy national,national statistical series,self-service,EUR/litre,1.6263,0.7266495867768596,0.6174,0.28225041322314054,0.8996504132231404,observed/curated,derived from final price + statutory tax schedule,False,False,30,30,MASE monthly fuel-price series — curated chart copy,https://sisen.mase.gov.it/dgsaie/open-data,"Final price follows the monthly series used for the charts. Components are reconstructed from final price, VAT rules and the statutory excise schedule. Use update_data.py to import a freshly downloaded official MASE CSV."
2013-07-01,2013-07-01,2013-07-31,monthly,diesel,Italy national,national statistical series,self-service,EUR/litre,1.6465,0.7433438016528926,0.6174,0.2857561983471075,0.9031561983471075,observed/curated,derived from final price + statutory tax schedule,False,False,31,31,MASE monthly fuel-price series — curated chart copy,https://sisen.mase.gov.it/dgsaie/open-data,"Final price follows the monthly series used for the charts. Components are reconstructed from final price, VAT rules and the statutory excise schedule. Use update_data.py to import a freshly downloaded official MASE CSV."
2013-08-01,2013-08-01,2013-08-31,monthly,diesel,Italy national,national statistical series,self-service,EUR/litre,1.6577,0.7525999999999999,0.6174,0.28770000000000007,0.9051,observed/curated,derived from final price + statutory tax schedule,False,False,31,31,MASE monthly fuel-price series — curated chart copy,https://sisen.mase.gov.it/dgsaie/open-data,"Final price follows the monthly series used for the charts. Components are reconstructed from final price, VAT rules and the statutory excise schedule. Use update_data.py to import a freshly downloaded official MASE CSV."
2013-09-01,2013-09-01,2013-09-30,monthly,diesel,Italy national,national statistical series,self-service,EUR/litre,1.6744,0.7664016528925621,0.6174,0.2905983471074381,0.907998347107438,observed/curated,derived from final price + statutory tax schedule,False,False,30,30,MASE monthly fuel-price series — curated chart copy,https://sisen.mase.gov.it/dgsaie/open-data,"Final price follows the monthly series used for the charts. Components are reconstructed from final price, VAT rules and the statutory excise schedule. Use update_data.py to import a freshly downloaded official MASE CSV."
2013-10-01,2013-10-01,2013-10-31,monthly,diesel,Italy national,national statistical series,self-service,EUR/litre,1.658,0.7416163934426228,0.6174,0.2989836065573772,0.9163836065573772,observed/curated,derived from final price + statutory tax schedule,False,False,31,31,MASE monthly fuel-price series — curated chart copy,https://sisen.mase.gov.it/dgsaie/open-data,"Final price follows the monthly series used for the charts. Components are reconstructed from final price, VAT rules and the statutory excise schedule. Use update_data.py to import a freshly downloaded official MASE CSV."
2013-11-01,2013-11-01,2013-11-30,monthly,diesel,Italy national,national statistical series,self-service,EUR/litre,1.6373,0.7246491803278687,0.6174,0.2952508196721313,0.9126508196721312,observed/curated,derived from final price + statutory tax schedule,False,False,30,30,MASE monthly fuel-price series — curated chart copy,https://sisen.mase.gov.it/dgsaie/open-data,"Final price follows the monthly series used for the charts. Components are reconstructed from final price, VAT rules and the statutory excise schedule. Use update_data.py to import a freshly downloaded official MASE CSV."
2013-12-01,2013-12-01,2013-12-31,monthly,diesel,Italy national,national statistical series,self-service,EUR/litre,1.6568,0.7406327868852458,0.6174,0.2987672131147543,0.9161672131147542,observed/curated,derived from final price + statutory tax schedule,False,False,31,31,MASE monthly fuel-price series — curated chart copy,https://sisen.mase.gov.it/dgsaie/open-data,"Final price follows the monthly series used for the charts. Components are reconstructed from final price, VAT rules and the statutory excise schedule. Use update_data.py to import a freshly downloaded official MASE CSV."
2014-01-01,2014-01-01,2014-01-31,monthly,diesel,Italy national,national statistical series,self-service,EUR/litre,1.6469,0.7325180327868852,0.6174,0.29698196721311493,0.9143819672131148,observed/curated,derived from final price + statutory tax schedule,False,False,31,31,MASE monthly fuel-price series — curated chart copy,https://sisen.mase.gov.it/dgsaie/open-data,"Final price follows the monthly series used for the charts. Components are reconstructed from final price, VAT rules and the statutory excise schedule. Use update_data.py to import a freshly downloaded official MASE CSV."
2014-02-01,2014-02-01,2014-02-28,monthly,diesel,Italy national,national statistical series,self-service,EUR/litre,1.6377,0.7249770491803278,0.6174,0.29532295081967225,0.9127229508196721,observed/curated,derived from final price + statutory tax schedule,False,False,28,28,MASE monthly fuel-price series — curated chart copy,https://sisen.mase.gov.it/dgsaie/open-data,"Final price follows the monthly series used for the charts. Components are reconstructed from final price, VAT rules and the statutory excise schedule. Use update_data.py to import a freshly downloaded official MASE CSV."
2014-03-01,2014-03-01,2014-03-31,monthly,diesel,Italy national,national statistical series,self-service,EUR/litre,1.6275,0.7142163934426227,0.6198000000000002,0.2934836065573772,0.9132836065573775,observed/curated,derived from final price + statutory tax schedule,False,False,31,31,MASE monthly fuel-price series — curated chart copy,https://sisen.mase.gov.it/dgsaie/open-data,"Final price follows the monthly series used for the charts. Components are reconstructed from final price, VAT rules and the statutory excise schedule. Use update_data.py to import a freshly downloaded official MASE CSV."
2014-04-01,2014-04-01,2014-04-30,monthly,diesel,Italy national,national statistical series,self-service,EUR/litre,1.6297,0.7160196721311471,0.6198000000000001,0.2938803278688526,0.9136803278688528,observed/curated,derived from final price + statutory tax schedule,False,False,30,30,MASE monthly fuel-price series — curated chart copy,https://sisen.mase.gov.it/dgsaie/open-data,"Final price follows the monthly series used for the charts. Components are reconstructed from final price, VAT rules and the statutory excise schedule. Use update_data.py to import a freshly downloaded official MASE CSV."
2014-05-01,2014-05-01,2014-05-31,monthly,diesel,Italy national,national statistical series,self-service,EUR/litre,1.6302,0.7164295081967209,0.6198000000000002,0.2939704918032789,0.9137704918032792,observed/curated,derived from final price + statutory tax schedule,False,False,31,31,MASE monthly fuel-price series — curated chart copy,https://sisen.mase.gov.it/dgsaie/open-data,"Final price follows the monthly series used for the charts. Components are reconstructed from final price, VAT rules and the statutory excise schedule. Use update_data.py to import a freshly downloaded official MASE CSV."
2014-06-01,2014-06-01,2014-06-30,monthly,diesel,Italy national,national statistical series,self-service,EUR/litre,1.6339,0.7194622950819669,0.6198000000000001,0.2946377049180329,0.914437704918033,observed/curated,derived from final price + statutory tax schedule,False,False,30,30,MASE monthly fuel-price series — curated chart copy,https://sisen.mase.gov.it/dgsaie/open-data,"Final price follows the monthly series used for the charts. Components are reconstructed from final price, VAT rules and the statutory excise schedule. Use update_data.py to import a freshly downloaded official MASE CSV."
2014-07-01,2014-07-01,2014-07-31,monthly,diesel,Italy national,national statistical series,self-service,EUR/litre,1.6326,0.7183967213114751,0.6198000000000002,0.2944032786885248,0.914203278688525,observed/curated,derived from final price + statutory tax schedule,False,False,31,31,MASE monthly fuel-price series — curated chart copy,https://sisen.mase.gov.it/dgsaie/open-data,"Final price follows the monthly series used for the charts. Components are reconstructed from final price, VAT rules and the statutory excise schedule. Use update_data.py to import a freshly downloaded official MASE CSV."
2014-08-01,2014-08-01,2014-08-31,monthly,diesel,Italy national,national statistical series,self-service,EUR/litre,1.6215,0.709298360655737,0.6198000000000002,0.2924016393442625,0.9122016393442627,observed/curated,derived from final price + statutory tax schedule,False,False,31,31,MASE monthly fuel-price series — curated chart copy,https://sisen.mase.gov.it/dgsaie/open-data,"Final price follows the monthly series used for the charts. Components are reconstructed from final price, VAT rules and the statutory excise schedule. Use update_data.py to import a freshly downloaded official MASE CSV."
2014-09-01,2014-09-01,2014-09-30,monthly,diesel,Italy national,national statistical series,self-service,EUR/litre,1.6137,0.7029049180327865,0.6198000000000001,0.29099508196721324,0.9107950819672134,observed/curated,derived from final price + statutory tax schedule,False,False,30,30,MASE monthly fuel-price series — curated chart copy,https://sisen.mase.gov.it/dgsaie/open-data,"Final price follows the monthly series used for the charts. Components are reconstructed from final price, VAT rules and the statutory excise schedule. Use update_data.py to import a freshly downloaded official MASE CSV."
2014-10-01,2014-10-01,2014-10-31,monthly,diesel,Italy national,national statistical series,self-service,EUR/litre,1.5893,0.6829049180327864,0.6198000000000002,0.2865950819672133,0.9063950819672135,observed/curated,derived from final price + statutory tax schedule,False,False,31,31,MASE monthly fuel-price series — curated chart copy,https://sisen.mase.gov.it/dgsaie/open-data,"Final price follows the monthly series used for the charts. Components are reconstructed from final price, VAT rules and the statutory excise schedule. Use update_data.py to import a freshly downloaded official MASE CSV."
2014-11-01,2014-11-01,2014-11-30,monthly,diesel,Italy national,national statistical series,self-service,EUR/litre,1.5528,0.6529868852459013,0.6198000000000001,0.2800131147540985,0.8998131147540986,observed/curated,derived from final price + statutory tax schedule,False,False,30,30,MASE monthly fuel-price series — curated chart copy,https://sisen.mase.gov.it/dgsaie/open-data,"Final price follows the monthly series used for the charts. Components are reconstructed from final price, VAT rules and the statutory excise schedule. Use update_data.py to import a freshly downloaded official MASE CSV."
2014-12-01,2014-12-01,2014-12-31,monthly,diesel,Italy national,national statistical series,self-service,EUR/litre,1.5034,0.6124950819672128,0.6198000000000002,0.2711049180327871,0.8909049180327873,observed/curated,derived from final price + statutory tax schedule,False,False,31,31,MASE monthly fuel-price series — curated chart copy,https://sisen.mase.gov.it/dgsaie/open-data,"Final price follows the monthly series used for the charts. Components are reconstructed from final price, VAT rules and the statutory excise schedule. Use update_data.py to import a freshly downloaded official MASE CSV."
2015-01-01,2015-01-01,2015-01-31,monthly,diesel,Italy national,national statistical series,self-service,EUR/litre,1.3804,0.5140754098360656,0.6174,0.2489245901639346,0.8663245901639345,observed/curated,derived from final price + statutory tax schedule,False,False,31,31,MASE monthly fuel-price series — curated chart copy,https://sisen.mase.gov.it/dgsaie/open-data,"Final price follows the monthly series used for the charts. Components are reconstructed from final price, VAT rules and the statutory excise schedule. Use update_data.py to import a freshly downloaded official MASE CSV."
2015-02-01,2015-02-01,2015-02-28,monthly,diesel,Italy national,national statistical series,self-service,EUR/litre,1.4036,0.5330918032786884,0.6174,0.2531081967213116,0.8705081967213115,observed/curated,derived from final price + statutory tax schedule,False,False,28,28,MASE monthly fuel-price series — curated chart copy,https://sisen.mase.gov.it/dgsaie/open-data,"Final price follows the monthly series used for the charts. Components are reconstructed from final price, VAT rules and the statutory excise schedule. Use update_data.py to import a freshly downloaded official MASE CSV."
2015-03-01,2015-03-01,2015-03-31,monthly,diesel,Italy national,national statistical series,self-service,EUR/litre,1.4607,0.5798950819672131,0.6174,0.2634049180327871,0.880804918032787,observed/curated,derived from final price + statutory tax schedule,False,False,31,31,MASE monthly fuel-price series — curated chart copy,https://sisen.mase.gov.it/dgsaie/open-data,"Final price follows the monthly series used for the charts. Components are reconstructed from final price, VAT rules and the statutory excise schedule. Use update_data.py to import a freshly downloaded official MASE CSV."
2015-04-01,2015-04-01,2015-04-30,monthly,diesel,Italy national,national statistical series,self-service,EUR/litre,1.454,0.5744032786885245,0.6174,0.26219672131147553,0.8795967213114755,observed/curated,derived from final price + statutory tax schedule,False,False,30,30,MASE monthly fuel-price series — curated chart copy,https://sisen.mase.gov.it/dgsaie/open-data,"Final price follows the monthly series used for the charts. Components are reconstructed from final price, VAT rules and the statutory excise schedule. Use update_data.py to import a freshly downloaded official MASE CSV."
2015-05-01,2015-05-01,2015-05-31,monthly,diesel,Italy national,national statistical series,self-service,EUR/litre,1.4807,0.5962885245901637,0.6174,0.2670114754098362,0.8844114754098362,observed/curated,derived from final price + statutory tax schedule,False,False,31,31,MASE monthly fuel-price series — curated chart copy,https://sisen.mase.gov.it/dgsaie/open-data,"Final price follows the monthly series used for the charts. Components are reconstructed from final price, VAT rules and the statutory excise schedule. Use update_data.py to import a freshly downloaded official MASE CSV."
2015-06-01,2015-06-01,2015-06-30,monthly,diesel,Italy national,national statistical series,self-service,EUR/litre,1.4755,0.5920262295081966,0.6174,0.2660737704918034,0.8834737704918034,observed/curated,derived from final price + statutory tax schedule,False,False,30,30,MASE monthly fuel-price series — curated chart copy,https://sisen.mase.gov.it/dgsaie/open-data,"Final price follows the monthly series used for the charts. Components are reconstructed from final price, VAT rules and the statutory excise schedule. Use update_data.py to import a freshly downloaded official MASE CSV."
2015-07-01,2015-07-01,2015-07-31,monthly,diesel,Italy national,national statistical series,self-service,EUR/litre,1.4487,0.5700590163934426,0.6174,0.26124098360655756,0.8786409836065575,observed/curated,derived from final price + statutory tax schedule,False,False,31,31,MASE monthly fuel-price series — curated chart copy,https://sisen.mase.gov.it/dgsaie/open-data,"Final price follows the monthly series used for the charts. Components are reconstructed from final price, VAT rules and the statutory excise schedule. Use update_data.py to import a freshly downloaded official MASE CSV."
2015-08-01,2015-08-01,2015-08-31,monthly,diesel,Italy national,national statistical series,self-service,EUR/litre,1.3895,0.5215344262295081,0.6174,0.25056557377049193,0.8679655737704919,observed/curated,derived from final price + statutory tax schedule,False,False,31,31,MASE monthly fuel-price series — curated chart copy,https://sisen.mase.gov.it/dgsaie/open-data,"Final price follows the monthly series used for the charts. Components are reconstructed from final price, VAT rules and the statutory excise schedule. Use update_data.py to import a freshly downloaded official MASE CSV."
2015-09-01,2015-09-01,2015-09-30,monthly,diesel,Italy national,national statistical series,self-service,EUR/litre,1.3595,0.4969442622950818,0.6174,0.24515573770491814,0.8625557377049181,observed/curated,derived from final price + statutory tax schedule,False,False,30,30,MASE monthly fuel-price series — curated chart copy,https://sisen.mase.gov.it/dgsaie/open-data,"Final price follows the monthly series used for the charts. Components are reconstructed from final price, VAT rules and the statutory excise schedule. Use update_data.py to import a freshly downloaded official MASE CSV."
2015-10-01,2015-10-01,2015-10-31,monthly,diesel,Italy national,national statistical series,self-service,EUR/litre,1.348,0.4875180327868852,0.6174,0.24308196721311492,0.8604819672131149,observed/curated,derived from final price + statutory tax schedule,False,False,31,31,MASE monthly fuel-price series — curated chart copy,https://sisen.mase.gov.it/dgsaie/open-data,"Final price follows the monthly series used for the charts. Components are reconstructed from final price, VAT rules and the statutory excise schedule. Use update_data.py to import a freshly downloaded official MASE CSV."
2015-11-01,2015-11-01,2015-11-30,monthly,diesel,Italy national,national statistical series,self-service,EUR/litre,1.3402,0.4811245901639344,0.6174,0.2416754098360657,0.8590754098360657,observed/curated,derived from final price + statutory tax schedule,False,False,30,30,MASE monthly fuel-price series — curated chart copy,https://sisen.mase.gov.it/dgsaie/open-data,"Final price follows the monthly series used for the charts. Components are reconstructed from final price, VAT rules and the statutory excise schedule. Use update_data.py to import a freshly downloaded official MASE CSV."
2015-12-01,2015-12-01,2015-12-31,monthly,diesel,Italy national,national statistical series,self-service,EUR/litre,1.3077,0.4544852459016393,0.6174,0.23581475409836083,0.8532147540983608,observed/curated,derived from final price + statutory tax schedule,False,False,31,31,MASE monthly fuel-price series — curated chart copy,https://sisen.mase.gov.it/dgsaie/open-data,"Final price follows the monthly series used for the charts. Components are reconstructed from final price, VAT rules and the statutory excise schedule. Use update_data.py to import a freshly downloaded official MASE CSV."
2016-01-01,2016-01-01,2016-01-31,monthly,diesel,Italy national,national statistical series,self-service,EUR/litre,1.2303,0.39104262295081954,0.6174,0.22185737704918046,0.8392573770491805,observed/curated,derived from final price + statutory tax schedule,False,False,31,31,MASE monthly fuel-price series — curated chart copy,https://sisen.mase.gov.it/dgsaie/open-data,"Final price follows the monthly series used for the charts. Components are reconstructed from final price, VAT rules and the statutory excise schedule. Use update_data.py to import a freshly downloaded official MASE CSV."
2016-02-01,2016-02-01,2016-02-29,monthly,diesel,Italy national,national statistical series,self-service,EUR/litre,1.1936,0.36096065573770486,0.6174,0.21523934426229518,0.8326393442622951,observed/curated,derived from final price + statutory tax schedule,False,False,29,29,MASE monthly fuel-price series — curated chart copy,https://sisen.mase.gov.it/dgsaie/open-data,"Final price follows the monthly series used for the charts. Components are reconstructed from final price, VAT rules and the statutory excise schedule. Use update_data.py to import a freshly downloaded official MASE CSV."
2016-03-01,2016-03-01,2016-03-31,monthly,diesel,Italy national,national statistical series,self-service,EUR/litre,1.2267,0.38809180327868836,0.6174,0.2212081967213116,0.8386081967213115,observed/curated,derived from final price + statutory tax schedule,False,False,31,31,MASE monthly fuel-price series — curated chart copy,https://sisen.mase.gov.it/dgsaie/open-data,"Final price follows the monthly series used for the charts. Components are reconstructed from final price, VAT rules and the statutory excise schedule. Use update_data.py to import a freshly downloaded official MASE CSV."
2016-04-01,2016-04-01,2016-04-30,monthly,diesel,Italy national,national statistical series,self-service,EUR/litre,1.2374,0.3968622950819672,0.6174,0.22313770491803292,0.8405377049180329,observed/curated,derived from final price + statutory tax schedule,False,False,30,30,MASE monthly fuel-price series — curated chart copy,https://sisen.mase.gov.it/dgsaie/open-data,"Final price follows the monthly series used for the charts. Components are reconstructed from final price, VAT rules and the statutory excise schedule. Use update_data.py to import a freshly downloaded official MASE CSV."
2016-05-01,2016-05-01,2016-05-31,monthly,diesel,Italy national,national statistical series,self-service,EUR/litre,1.2832,0.4344032786885244,0.6174,0.23139672131147554,0.8487967213114755,observed/curated,derived from final price + statutory tax schedule,False,False,31,31,MASE monthly fuel-price series — curated chart copy,https://sisen.mase.gov.it/dgsaie/open-data,"Final price follows the monthly series used for the charts. Components are reconstructed from final price, VAT rules and the statutory excise schedule. Use update_data.py to import a freshly downloaded official MASE CSV."
2016-06-01,2016-06-01,2016-06-30,monthly,diesel,Italy national,national statistical series,self-service,EUR/litre,1.3183,0.4631737704918032,0.6174,0.23772622950819686,0.8551262295081968,observed/curated,derived from final price + statutory tax schedule,False,False,30,30,MASE monthly fuel-price series — curated chart copy,https://sisen.mase.gov.it/dgsaie/open-data,"Final price follows the monthly series used for the charts. Components are reconstructed from final price, VAT rules and the statutory excise schedule. Use update_data.py to import a freshly downloaded official MASE CSV."
2016-07-01,2016-07-01,2016-07-31,monthly,diesel,Italy national,national statistical series,self-service,EUR/litre,1.3051,0.45235409836065554,0.6174,0.2353459016393444,0.8527459016393444,observed/curated,derived from final price + statutory tax schedule,False,False,31,31,MASE monthly fuel-price series — curated chart copy,https://sisen.mase.gov.it/dgsaie/open-data,"Final price follows the monthly series used for the charts. Components are reconstructed from final price, VAT rules and the statutory excise schedule. Use update_data.py to import a freshly downloaded official MASE CSV."
2016-08-01,2016-08-01,2016-08-31,monthly,diesel,Italy national,national statistical series,self-service,EUR/litre,1.2903,0.440222950819672,0.6174,0.23267704918032803,0.850077049180328,observed/curated,derived from final price + statutory tax schedule,False,False,31,31,MASE monthly fuel-price series — curated chart copy,https://sisen.mase.gov.it/dgsaie/open-data,"Final price follows the monthly series used for the charts. Components are reconstructed from final price, VAT rules and the statutory excise schedule. Use update_data.py to import a freshly downloaded official MASE CSV."
2016-09-01,2016-09-01,2016-09-30,monthly,diesel,Italy national,national statistical series,self-service,EUR/litre,1.2996,0.44784590163934423,0.6174,0.23435409836065588,0.8517540983606559,observed/curated,derived from final price + statutory tax schedule,False,False,30,30,MASE monthly fuel-price series — curated chart copy,https://sisen.mase.gov.it/dgsaie/open-data,"Final price follows the monthly series used for the charts. Components are reconstructed from final price, VAT rules and the statutory excise schedule. Use update_data.py to import a freshly downloaded official MASE CSV."
2016-10-01,2016-10-01,2016-10-31,monthly,diesel,Italy national,national statistical series,self-service,EUR/litre,1.3254,0.4689934426229506,0.6174,0.23900655737704932,0.8564065573770493,observed/curated,derived from final price + statutory tax schedule,False,False,31,31,MASE monthly fuel-price series — curated chart copy,https://sisen.mase.gov.it/dgsaie/open-data,"Final price follows the monthly series used for the charts. Components are reconstructed from final price, VAT rules and the statutory excise schedule. Use update_data.py to import a freshly downloaded official MASE CSV."
2016-11-01,2016-11-01,2016-11-30,monthly,diesel,Italy national,national statistical series,self-service,EUR/litre,1.3237,0.4676,0.6174,0.23870000000000013,0.8561000000000001,observed/curated,derived from final price + statutory tax schedule,False,False,30,30,MASE monthly fuel-price series — curated chart copy,https://sisen.mase.gov.it/dgsaie/open-data,"Final price follows the monthly series used for the charts. Components are reconstructed from final price, VAT rules and the statutory excise schedule. Use update_data.py to import a freshly downloaded official MASE CSV."
2016-12-01,2016-12-01,2016-12-31,monthly,diesel,Italy national,national statistical series,self-service,EUR/litre,1.3506,0.48964918032786875,0.6174,0.2435508196721313,0.8609508196721313,observed/curated,derived from final price + statutory tax schedule,False,False,31,31,MASE monthly fuel-price series — curated chart copy,https://sisen.mase.gov.it/dgsaie/open-data,"Final price follows the monthly series used for the charts. Components are reconstructed from final price, VAT rules and the statutory excise schedule. Use update_data.py to import a freshly downloaded official MASE CSV."
2017-01-01,2017-01-01,2017-01-31,monthly,diesel,Italy national,national statistical series,self-service,EUR/litre,1.3979,0.5284196721311474,0.6174,0.2520803278688526,0.8694803278688525,observed/curated,derived from final price + statutory tax schedule,False,False,31,31,MASE monthly fuel-price series — curated chart copy,https://sisen.mase.gov.it/dgsaie/open-data,"Final price follows the monthly series used for the charts. Components are reconstructed from final price, VAT rules and the statutory excise schedule. Use update_data.py to import a freshly downloaded official MASE CSV."
2017-02-01,2017-02-01,2017-02-28,monthly,diesel,Italy national,national statistical series,self-service,EUR/litre,1.4008,0.5307967213114755,0.6174,0.25260327868852467,0.8700032786885246,observed/curated,derived from final price + statutory tax schedule,False,False,28,28,MASE monthly fuel-price series — curated chart copy,https://sisen.mase.gov.it/dgsaie/open-data,"Final price follows the monthly series used for the charts. Components are reconstructed from final price, VAT rules and the statutory excise schedule. Use update_data.py to import a freshly downloaded official MASE CSV."
2017-03-01,2017-03-01,2017-03-31,monthly,diesel,Italy national,national statistical series,self-service,EUR/litre,1.3966,0.5273540983606557,0.6174,0.25184590163934445,0.8692459016393443,observed/curated,derived from final price + statutory tax schedule,False,False,31,31,MASE monthly fuel-price series — curated chart copy,https://sisen.mase.gov.it/dgsaie/open-data,"Final price follows the monthly series used for the charts. Components are reconstructed from final price, VAT rules and the statutory excise schedule. Use update_data.py to import a freshly downloaded official MASE CSV."
2017-04-01,2017-04-01,2017-04-30,monthly,diesel,Italy national,national statistical series,self-service,EUR/litre,1.3954,0.5263704918032786,0.6174,0.2516295081967214,0.8690295081967214,observed/curated,derived from final price + statutory tax schedule,False,False,30,30,MASE monthly fuel-price series — curated chart copy,https://sisen.mase.gov.it/dgsaie/open-data,"Final price follows the monthly series used for the charts. Components are reconstructed from final price, VAT rules and the statutory excise schedule. Use update_data.py to import a freshly downloaded official MASE CSV."
2017-05-01,2017-05-01,2017-05-31,monthly,diesel,Italy national,national statistical series,self-service,EUR/litre,1.3856,0.5183377049180327,0.6174,0.24986229508196736,0.8672622950819673,observed/curated,derived from final price + statutory tax schedule,False,False,31,31,MASE monthly fuel-price series — curated chart copy,https://sisen.mase.gov.it/dgsaie/open-data,"Final price follows the monthly series used for the charts. Components are reconstructed from final price, VAT rules and the statutory excise schedule. Use update_data.py to import a freshly downloaded official MASE CSV."
2017-06-01,2017-06-01,2017-06-30,monthly,diesel,Italy national,national statistical series,self-service,EUR/litre,1.3566,0.49456721311475405,0.6174,0.24463278688524603,0.862032786885246,observed/curated,derived from final price + statutory tax schedule,False,False,30,30,MASE monthly fuel-price series — curated chart copy,https://sisen.mase.gov.it/dgsaie/open-data,"Final price follows the monthly series used for the charts. Components are reconstructed from final price, VAT rules and the statutory excise schedule. Use update_data.py to import a freshly downloaded official MASE CSV."
2017-07-01,2017-07-01,2017-07-31,monthly,diesel,Italy national,national statistical series,self-service,EUR/litre,1.3378,0.47915737704918027,0.6174,0.24124262295081986,0.8586426229508198,observed/curated,derived from final price + statutory tax schedule,False,False,31,31,MASE monthly fuel-price series — curated chart copy,https://sisen.mase.gov.it/dgsaie/open-data,"Final price follows the monthly series used for the charts. Components are reconstructed from final price, VAT rules and the statutory excise schedule. Use update_data.py to import a freshly downloaded official MASE CSV."
2017-08-01,2017-08-01,2017-08-31,monthly,diesel,Italy national,national statistical series,self-service,EUR/litre,1.3536,0.4921081967213113,0.6174,0.24409180327868868,0.8614918032786887,observed/curated,derived from final price + statutory tax schedule,False,False,31,31,MASE monthly fuel-price series — curated chart copy,https://sisen.mase.gov.it/dgsaie/open-data,"Final price follows the monthly series used for the charts. Components are reconstructed from final price, VAT rules and the statutory excise schedule. Use update_data.py to import a freshly downloaded official MASE CSV."
2017-09-01,2017-09-01,2017-09-30,monthly,diesel,Italy national,national statistical series,self-service,EUR/litre,1.369,0.5047311475409835,0.6174,0.24686885245901652,0.8642688524590165,observed/curated,derived from final price + statutory tax schedule,False,False,30,30,MASE monthly fuel-price series — curated chart copy,https://sisen.mase.gov.it/dgsaie/open-data,"Final price follows the monthly series used for the charts. Components are reconstructed from final price, VAT rules and the statutory excise schedule. Use update_data.py to import a freshly downloaded official MASE CSV."
2017-10-01,2017-10-01,2017-10-31,monthly,diesel,Italy national,national statistical series,self-service,EUR/litre,1.3858,0.5185016393442621,0.6174,0.24989836065573784,0.8672983606557378,observed/curated,derived from final price + statutory tax schedule,False,False,31,31,MASE monthly fuel-price series — curated chart copy,https://sisen.mase.gov.it/dgsaie/open-data,"Final price follows the monthly series used for the charts. Components are reconstructed from final price, VAT rules and the statutory excise schedule. Use update_data.py to import a freshly downloaded official MASE CSV."
2017-11-01,2017-11-01,2017-11-30,monthly,diesel,Italy national,national statistical series,self-service,EUR/litre,1.4119,0.539895081967213,0.6174,0.254604918032787,0.8720049180327869,observed/curated,derived from final price + statutory tax schedule,False,False,30,30,MASE monthly fuel-price series — curated chart copy,https://sisen.mase.gov.it/dgsaie/open-data,"Final price follows the monthly series used for the charts. Components are reconstructed from final price, VAT rules and the statutory excise schedule. Use update_data.py to import a freshly downloaded official MASE CSV."
2017-12-01,2017-12-01,2017-12-31,monthly,diesel,Italy national,national statistical series,self-service,EUR/litre,1.4165,0.5436655737704917,0.6174,0.2554344262295084,0.8728344262295084,observed/curated,derived from final price + statutory tax schedule,False,False,31,31,MASE monthly fuel-price series — curated chart copy,https://sisen.mase.gov.it/dgsaie/open-data,"Final price follows the monthly series used for the charts. Components are reconstructed from final price, VAT rules and the statutory excise schedule. Use update_data.py to import a freshly downloaded official MASE CSV."
2018-01-01,2018-01-01,2018-01-31,monthly,diesel,Italy national,national statistical series,self-service,EUR/litre,1.4396,0.5625999999999999,0.6174,0.25960000000000016,0.8770000000000001,observed/curated,derived from final price + statutory tax schedule,False,False,31,31,MASE monthly fuel-price series — curated chart copy,https://sisen.mase.gov.it/dgsaie/open-data,"Final price follows the monthly series used for the charts. Components are reconstructed from final price, VAT rules and the statutory excise schedule. Use update_data.py to import a freshly downloaded official MASE CSV."
2018-02-01,2018-02-01,2018-02-28,monthly,diesel,Italy national,national statistical series,self-service,EUR/litre,1.4335,0.5576,0.6174,0.25850000000000006,0.8759,observed/curated,derived from final price + statutory tax schedule,False,False,28,28,MASE monthly fuel-price series — curated chart copy,https://sisen.mase.gov.it/dgsaie/open-data,"Final price follows the monthly series used for the charts. Components are reconstructed from final price, VAT rules and the statutory excise schedule. Use update_data.py to import a freshly downloaded official MASE CSV."
2018-03-01,2018-03-01,2018-03-31,monthly,diesel,Italy national,national statistical series,self-service,EUR/litre,1.4223,0.5484196721311474,0.6174,0.2564803278688526,0.8738803278688525,observed/curated,derived from final price + statutory tax schedule,False,False,31,31,MASE monthly fuel-price series — curated chart copy,https://sisen.mase.gov.it/dgsaie/open-data,"Final price follows the monthly series used for the charts. Components are reconstructed from final price, VAT rules and the statutory excise schedule. Use update_data.py to import a freshly downloaded official MASE CSV."
2018-04-01,2018-04-01,2018-04-30,monthly,diesel,Italy national,national statistical series,self-service,EUR/litre,1.443,0.5653868852459016,0.6174,0.2602131147540985,0.8776131147540984,observed/curated,derived from final price + statutory tax schedule,False,False,30,30,MASE monthly fuel-price series — curated chart copy,https://sisen.mase.gov.it/dgsaie/open-data,"Final price follows the monthly series used for the charts. Components are reconstructed from final price, VAT rules and the statutory excise schedule. Use update_data.py to import a freshly downloaded official MASE CSV."
2018-05-01,2018-05-01,2018-05-31,monthly,diesel,Italy national,national statistical series,self-service,EUR/litre,1.4941,0.6072721311475409,0.6174,0.2694278688524592,0.8868278688524591,observed/curated,derived from final price + statutory tax schedule,False,False,31,31,MASE monthly fuel-price series — curated chart copy,https://sisen.mase.gov.it/dgsaie/open-data,"Final price follows the monthly series used for the charts. Components are reconstructed from final price, VAT rules and the statutory excise schedule. Use update_data.py to import a freshly downloaded official MASE CSV."
2018-06-01,2018-06-01,2018-06-30,monthly,diesel,Italy national,national statistical series,self-service,EUR/litre,1.5245,0.6321901639344261,0.6174,0.2749098360655739,0.8923098360655739,observed/curated,derived from final price + statutory tax schedule,False,False,30,30,MASE monthly fuel-price series — curated chart copy,https://sisen.mase.gov.it/dgsaie/open-data,"Final price follows the monthly series used for the charts. Components are reconstructed from final price, VAT rules and the statutory excise schedule. Use update_data.py to import a freshly downloaded official MASE CSV."
2018-07-01,2018-07-01,2018-07-31,monthly,diesel,Italy national,national statistical series,self-service,EUR/litre,1.5094,0.6198131147540983,0.6174,0.27218688524590184,0.8895868852459018,observed/curated,derived from final price + statutory tax schedule,False,False,31,31,MASE monthly fuel-price series — curated chart copy,https://sisen.mase.gov.it/dgsaie/open-data,"Final price follows the monthly series used for the charts. Components are reconstructed from final price, VAT rules and the statutory excise schedule. Use update_data.py to import a freshly downloaded official MASE CSV."
2018-08-01,2018-08-01,2018-08-31,monthly,diesel,Italy national,national statistical series,self-service,EUR/litre,1.506,0.6170262295081965,0.6174,0.2715737704918035,0.8889737704918035,observed/curated,derived from final price + statutory tax schedule,False,False,31,31,MASE monthly fuel-price series — curated chart copy,https://sisen.mase.gov.it/dgsaie/open-data,"Final price follows the monthly series used for the charts. Components are reconstructed from final price, VAT rules and the statutory excise schedule. Use update_data.py to import a freshly downloaded official MASE CSV."
2018-09-01,2018-09-01,2018-09-30,monthly,diesel,Italy national,national statistical series,self-service,EUR/litre,1.522,0.6301409836065572,0.6174,0.2744590163934428,0.8918590163934428,observed/curated,derived from final price + statutory tax schedule,False,False,30,30,MASE monthly fuel-price series — curated chart copy,https://sisen.mase.gov.it/dgsaie/open-data,"Final price follows the monthly series used for the charts. Components are reconstructed from final price, VAT rules and the statutory excise schedule. Use update_data.py to import a freshly downloaded official MASE CSV."
2018-10-01,2018-10-01,2018-10-31,monthly,diesel,Italy national,national statistical series,self-service,EUR/litre,1.555,0.657190163934426,0.6174,0.28040983606557396,0.897809836065574,observed/curated,derived from final price + statutory tax schedule,False,False,31,31,MASE monthly fuel-price series — curated chart copy,https://sisen.mase.gov.it/dgsaie/open-data,"Final price follows the monthly series used for the charts. Components are reconstructed from final price, VAT rules and the statutory excise schedule. Use update_data.py to import a freshly downloaded official MASE CSV."
2018-11-01,2018-11-01,2018-11-30,monthly,diesel,Italy national,national statistical series,self-service,EUR/litre,1.5467,0.6503868852459016,0.6174,0.27891311475409847,0.8963131147540984,observed/curated,derived from final price + statutory tax schedule,False,False,30,30,MASE monthly fuel-price series — curated chart copy,https://sisen.mase.gov.it/dgsaie/open-data,"Final price follows the monthly series used for the charts. Components are reconstructed from final price, VAT rules and the statutory excise schedule. Use update_data.py to import a freshly downloaded official MASE CSV."
2018-12-01,2018-12-01,2018-12-31,monthly,diesel,Italy national,national statistical series,self-service,EUR/litre,1.479,0.5948950819672131,0.6174,0.26670491803278706,0.884104918032787,observed/curated,derived from final price + statutory tax schedule,False,False,31,31,MASE monthly fuel-price series — curated chart copy,https://sisen.mase.gov.it/dgsaie/open-data,"Final price follows the monthly series used for the charts. Components are reconstructed from final price, VAT rules and the statutory excise schedule. Use update_data.py to import a freshly downloaded official MASE CSV."
2019-01-01,2019-01-01,2019-01-31,monthly,diesel,Italy national,national statistical series,self-service,EUR/litre,1.433,0.5571901639344261,0.6174,0.25840983606557394,0.8758098360655739,observed/curated,derived from final price + statutory tax schedule,False,False,31,31,MASE monthly fuel-price series — curated chart copy,https://sisen.mase.gov.it/dgsaie/open-data,"Final price follows the monthly series used for the charts. Components are reconstructed from final price, VAT rules and the statutory excise schedule. Use update_data.py to import a freshly downloaded official MASE CSV."
2019-02-01,2019-02-01,2019-02-28,monthly,diesel,Italy national,national statistical series,self-service,EUR/litre,1.4598,0.5791573770491802,0.6174,0.26324262295081974,0.8806426229508197,observed/curated,derived from final price + statutory tax schedule,False,False,28,28,MASE monthly fuel-price series — curated chart copy,https://sisen.mase.gov.it/dgsaie/open-data,"Final price follows the monthly series used for the charts. Components are reconstructed from final price, VAT rules and the statutory excise schedule. Use update_data.py to import a freshly downloaded official MASE CSV."
2019-03-01,2019-03-01,2019-03-31,monthly,diesel,Italy national,national statistical series,self-service,EUR/litre,1.4934,0.6066983606557377,0.6174,0.2693016393442625,0.8867016393442624,observed/curated,derived from final price + statutory tax schedule,False,False,31,31,MASE monthly fuel-price series — curated chart copy,https://sisen.mase.gov.it/dgsaie/open-data,"Final price follows the monthly series used for the charts. Components are reconstructed from final price, VAT rules and the statutory excise schedule. Use update_data.py to import a freshly downloaded official MASE CSV."
2019-04-01,2019-04-01,2019-04-30,monthly,diesel,Italy national,national statistical series,self-service,EUR/litre,1.5067,0.6175999999999999,0.6174,0.2717000000000001,0.8891,observed/curated,derived from final price + statutory tax schedule,False,False,30,30,MASE monthly fuel-price series — curated chart copy,https://sisen.mase.gov.it/dgsaie/open-data,"Final price follows the monthly series used for the charts. Components are reconstructed from final price, VAT rules and the statutory excise schedule. Use update_data.py to import a freshly downloaded official MASE CSV."
2019-05-01,2019-05-01,2019-05-31,monthly,diesel,Italy national,national statistical series,self-service,EUR/litre,1.5199,0.6284196721311475,0.6174,0.27408032786885267,0.8914803278688526,observed/curated,derived from final price + statutory tax schedule,False,False,31,31,MASE monthly fuel-price series — curated chart copy,https://sisen.mase.gov.it/dgsaie/open-data,"Final price follows the monthly series used for the charts. Components are reconstructed from final price, VAT rules and the statutory excise schedule. Use update_data.py to import a freshly downloaded official MASE CSV."
2019-06-01,2019-06-01,2019-06-30,monthly,diesel,Italy national,national statistical series,self-service,EUR/litre,1.4948,0.607845901639344,0.6174,0.26955409836065586,0.8869540983606559,observed/curated,derived from final price + statutory tax schedule,False,False,30,30,MASE monthly fuel-price series — curated chart copy,https://sisen.mase.gov.it/dgsaie/open-data,"Final price follows the monthly series used for the charts. Components are reconstructed from final price, VAT rules and the statutory excise schedule. Use update_data.py to import a freshly downloaded official MASE CSV."
2019-07-01,2019-07-01,2019-07-31,monthly,diesel,Italy national,national statistical series,self-service,EUR/litre,1.4819,0.5972721311475409,0.6174,0.2672278688524592,0.8846278688524591,observed/curated,derived from final price + statutory tax schedule,False,False,31,31,MASE monthly fuel-price series — curated chart copy,https://sisen.mase.gov.it/dgsaie/open-data,"Final price follows the monthly series used for the charts. Components are reconstructed from final price, VAT rules and the statutory excise schedule. Use update_data.py to import a freshly downloaded official MASE CSV."
2019-08-01,2019-08-01,2019-08-31,monthly,diesel,Italy national,national statistical series,self-service,EUR/litre,1.4653,0.5836655737704917,0.6174,0.2642344262295084,0.8816344262295084,observed/curated,derived from final price + statutory tax schedule,False,False,31,31,MASE monthly fuel-price series — curated chart copy,https://sisen.mase.gov.it/dgsaie/open-data,"Final price follows the monthly series used for the charts. Components are reconstructed from final price, VAT rules and the statutory excise schedule. Use update_data.py to import a freshly downloaded official MASE CSV."
2019-09-01,2019-09-01,2019-09-30,monthly,diesel,Italy national,national statistical series,self-service,EUR/litre,1.4684,0.586206557377049,0.6174,0.26479344262295096,0.882193442622951,observed/curated,derived from final price + statutory tax schedule,False,False,30,30,MASE monthly fuel-price series — curated chart copy,https://sisen.mase.gov.it/dgsaie/open-data,"Final price follows the monthly series used for the charts. Components are reconstructed from final price, VAT rules and the statutory excise schedule. Use update_data.py to import a freshly downloaded official MASE CSV."
2019-10-01,2019-10-01,2019-10-31,monthly,diesel,Italy national,national statistical series,self-service,EUR/litre,1.4725,0.5895672131147539,0.6174,0.26553278688524606,0.882932786885246,observed/curated,derived from final price + statutory tax schedule,False,False,31,31,MASE monthly fuel-price series — curated chart copy,https://sisen.mase.gov.it/dgsaie/open-data,"Final price follows the monthly series used for the charts. Components are reconstructed from final price, VAT rules and the statutory excise schedule. Use update_data.py to import a freshly downloaded official MASE CSV."
2019-11-01,2019-11-01,2019-11-30,monthly,diesel,Italy national,national statistical series,self-service,EUR/litre,1.4699,0.5874360655737704,0.6174,0.26506393442622966,0.8824639344262296,observed/curated,derived from final price + statutory tax schedule,False,False,30,30,MASE monthly fuel-price series — curated chart copy,https://sisen.mase.gov.it/dgsaie/open-data,"Final price follows the monthly series used for the charts. Components are reconstructed from final price, VAT rules and the statutory excise schedule. Use update_data.py to import a freshly downloaded official MASE CSV."
2019-12-01,2019-12-01,2019-12-31,monthly,diesel,Italy national,national statistical series,self-service,EUR/litre,1.4756,0.5921081967213113,0.6174,0.2660918032786887,0.8834918032786887,observed/curated,derived from final price + statutory tax schedule,False,False,31,31,MASE monthly fuel-price series — curated chart copy,https://sisen.mase.gov.it/dgsaie/open-data,"Final price follows the monthly series used for the charts. Components are reconstructed from final price, VAT rules and the statutory excise schedule. Use update_data.py to import a freshly downloaded official MASE CSV."
2020-01-01,2020-01-01,2020-01-31,monthly,diesel,Italy national,national statistical series,self-service,EUR/litre,1.4884,0.6025999999999998,0.6174,0.26840000000000014,0.8858000000000001,observed/curated,derived from final price + statutory tax schedule,False,False,31,31,MASE monthly fuel-price series — curated chart copy,https://sisen.mase.gov.it/dgsaie/open-data,"Final price follows the monthly series used for the charts. Components are reconstructed from final price, VAT rules and the statutory excise schedule. Use update_data.py to import a freshly downloaded official MASE CSV."
2020-02-01,2020-02-01,2020-02-29,monthly,diesel,Italy national,national statistical series,self-service,EUR/litre,1.4501,0.5712065573770491,0.6174,0.26149344262295093,0.8788934426229509,observed/curated,derived from final price + statutory tax schedule,False,False,29,29,MASE monthly fuel-price series — curated chart copy,https://sisen.mase.gov.it/dgsaie/open-data,"Final price follows the monthly series used for the charts. Components are reconstructed from final price, VAT rules and the statutory excise schedule. Use update_data.py to import a freshly downloaded official MASE CSV."
2020-03-01,2020-03-01,2020-03-31,monthly,diesel,Italy national,national statistical series,self-service,EUR/litre,1.3903,0.5221901639344262,0.6174,0.25070983606557395,0.8681098360655739,observed/curated,derived from final price + statutory tax schedule,False,False,31,31,MASE monthly fuel-price series — curated chart copy,https://sisen.mase.gov.it/dgsaie/open-data,"Final price follows the monthly series used for the charts. Components are reconstructed from final price, VAT rules and the statutory excise schedule. Use update_data.py to import a freshly downloaded official MASE CSV."
2020-04-01,2020-04-01,2020-04-30,monthly,diesel,Italy national,national statistical series,self-service,EUR/litre,1.3093,0.4557967213114753,0.6174,0.23610327868852468,0.8535032786885246,observed/curated,derived from final price + statutory tax schedule,False,False,30,30,MASE monthly fuel-price series — curated chart copy,https://sisen.mase.gov.it/dgsaie/open-data,"Final price follows the monthly series used for the charts. Components are reconstructed from final price, VAT rules and the statutory excise schedule. Use update_data.py to import a freshly downloaded official MASE CSV."
2020-05-01,2020-05-01,2020-05-31,monthly,diesel,Italy national,national statistical series,self-service,EUR/litre,1.2559,0.4120262295081967,0.6174,0.22647377049180342,0.8438737704918033,observed/curated,derived from final price + statutory tax schedule,False,False,31,31,MASE monthly fuel-price series — curated chart copy,https://sisen.mase.gov.it/dgsaie/open-data,"Final price follows the monthly series used for the charts. Components are reconstructed from final price, VAT rules and the statutory excise schedule. Use update_data.py to import a freshly downloaded official MASE CSV."
2020-06-01,2020-06-01,2020-06-30,monthly,diesel,Italy national,national statistical series,self-service,EUR/litre,1.2693,0.4230098360655738,0.6174,0.22889016393442635,0.8462901639344262,observed/curated,derived from final price + statutory tax schedule,False,False,30,30,MASE monthly fuel-price series — curated chart copy,https://sisen.mase.gov.it/dgsaie/open-data,"Final price follows the monthly series used for the charts. Components are reconstructed from final price, VAT rules and the statutory excise schedule. Use update_data.py to import a freshly downloaded official MASE CSV."
2020-07-01,2020-07-01,2020-07-31,monthly,diesel,Italy national,national statistical series,self-service,EUR/litre,1.2897,0.4397311475409835,0.6174,0.23256885245901657,0.8499688524590165,observed/curated,derived from final price + statutory tax schedule,False,False,31,31,MASE monthly fuel-price series — curated chart copy,https://sisen.mase.gov.it/dgsaie/open-data,"Final price follows the monthly series used for the charts. Components are reconstructed from final price, VAT rules and the statutory excise schedule. Use update_data.py to import a freshly downloaded official MASE CSV."
2020-08-01,2020-08-01,2020-08-31,monthly,diesel,Italy national,national statistical series,self-service,EUR/litre,1.2856,0.4363704918032787,0.6174,0.23182950819672146,0.8492295081967214,observed/curated,derived from final price + statutory tax schedule,False,False,31,31,MASE monthly fuel-price series — curated chart copy,https://sisen.mase.gov.it/dgsaie/open-data,"Final price follows the monthly series used for the charts. Components are reconstructed from final price, VAT rules and the statutory excise schedule. Use update_data.py to import a freshly downloaded official MASE CSV."
2020-09-01,2020-09-01,2020-09-30,monthly,diesel,Italy national,national statistical series,self-service,EUR/litre,1.2721,0.4253049180327868,0.6174,0.22939508196721323,0.8467950819672132,observed/curated,derived from final price + statutory tax schedule,False,False,30,30,MASE monthly fuel-price series — curated chart copy,https://sisen.mase.gov.it/dgsaie/open-data,"Final price follows the monthly series used for the charts. Components are reconstructed from final price, VAT rules and the statutory excise schedule. Use update_data.py to import a freshly downloaded official MASE CSV."
2020-10-01,2020-10-01,2020-10-31,monthly,diesel,Italy national,national statistical series,self-service,EUR/litre,1.2607,0.4159606557377048,0.6174,0.2273393442622952,0.8447393442622951,observed/curated,derived from final price + statutory tax schedule,False,False,31,31,MASE monthly fuel-price series — curated chart copy,https://sisen.mase.gov.it/dgsaie/open-data,"Final price follows the monthly series used for the charts. Components are reconstructed from final price, VAT rules and the statutory excise schedule. Use update_data.py to import a freshly downloaded official MASE CSV."
2020-11-01,2020-11-01,2020-11-30,monthly,diesel,Italy national,national statistical series,self-service,EUR/litre,1.2596,0.4150590163934426,0.6174,0.2271409836065575,0.8445409836065574,observed/curated,derived from final price + statutory tax schedule,False,False,30,30,MASE monthly fuel-price series — curated chart copy,https://sisen.mase.gov.it/dgsaie/open-data,"Final price follows the monthly series used for the charts. Components are reconstructed from final price, VAT rules and the statutory excise schedule. Use update_data.py to import a freshly downloaded official MASE CSV."
2020-12-01,2020-12-01,2020-12-31,monthly,diesel,Italy national,national statistical series,self-service,EUR/litre,1.297,0.4457147540983605,0.6174,0.23388524590163948,0.8512852459016395,observed/curated,derived from final price + statutory tax schedule,False,False,31,31,MASE monthly fuel-price series — curated chart copy,https://sisen.mase.gov.it/dgsaie/open-data,"Final price follows the monthly series used for the charts. Components are reconstructed from final price, VAT rules and the statutory excise schedule. Use update_data.py to import a freshly downloaded official MASE CSV."
2021-01-01,2021-01-01,2021-01-31,monthly,diesel,Italy national,national statistical series,self-service,EUR/litre,1.3325,0.47481311475409826,0.6174,0.2402868852459018,0.8576868852459018,observed/curated,derived from final price + statutory tax schedule,False,False,31,31,MASE monthly fuel-price series — curated chart copy,https://sisen.mase.gov.it/dgsaie/open-data,"Final price follows the monthly series used for the charts. Components are reconstructed from final price, VAT rules and the statutory excise schedule. Use update_data.py to import a freshly downloaded official MASE CSV."
2021-02-01,2021-02-01,2021-02-28,monthly,diesel,Italy national,national statistical series,self-service,EUR/litre,1.3688,0.504567213114754,0.6174,0.24683278688524599,0.864232786885246,observed/curated,derived from final price + statutory tax schedule,False,False,28,28,MASE monthly fuel-price series — curated chart copy,https://sisen.mase.gov.it/dgsaie/open-data,"Final price follows the monthly series used for the charts. Components are reconstructed from final price, VAT rules and the statutory excise schedule. Use update_data.py to import a freshly downloaded official MASE CSV."
2021-03-01,2021-03-01,2021-03-31,monthly,diesel,Italy national,national statistical series,self-service,EUR/litre,1.4302,0.5548950819672129,0.6174,0.25790491803278703,0.875304918032787,observed/curated,derived from final price + statutory tax schedule,False,False,31,31,MASE monthly fuel-price series — curated chart copy,https://sisen.mase.gov.it/dgsaie/open-data,"Final price follows the monthly series used for the charts. Components are reconstructed from final price, VAT rules and the statutory excise schedule. Use update_data.py to import a freshly downloaded official MASE CSV."
2021-04-01,2021-04-01,2021-04-30,monthly,diesel,Italy national,national statistical series,self-service,EUR/litre,1.4364,0.5599770491803278,0.6174,0.25902295081967225,0.8764229508196721,observed/curated,derived from final price + statutory tax schedule,False,False,30,30,MASE monthly fuel-price series — curated chart copy,https://sisen.mase.gov.it/dgsaie/open-data,"Final price follows the monthly series used for the charts. Components are reconstructed from final price, VAT rules and the statutory excise schedule. Use update_data.py to import a freshly downloaded official MASE CSV."
2021-05-01,2021-05-01,2021-05-31,monthly,diesel,Italy national,national statistical series,self-service,EUR/litre,1.4476,0.5691573770491802,0.6174,0.2610426229508198,0.8784426229508198,observed/curated,derived from final price + statutory tax schedule,False,False,31,31,MASE monthly fuel-price series — curated chart copy,https://sisen.mase.gov.it/dgsaie/open-data,"Final price follows the monthly series used for the charts. Components are reconstructed from final price, VAT rules and the statutory excise schedule. Use update_data.py to import a freshly downloaded official MASE CSV."
2021-06-01,2021-06-01,2021-06-30,monthly,diesel,Italy national,national statistical series,self-service,EUR/litre,1.4706,0.5880098360655737,0.6174,0.26519016393442635,0.8825901639344262,observed/curated,derived from final price + statutory tax schedule,False,False,30,30,MASE monthly fuel-price series — curated chart copy,https://sisen.mase.gov.it/dgsaie/open-data,"Final price follows the monthly series used for the charts. Components are reconstructed from final price, VAT rules and the statutory excise schedule. Use update_data.py to import a freshly downloaded official MASE CSV."
2021-07-01,2021-07-01,2021-07-31,monthly,diesel,Italy national,national statistical series,self-service,EUR/litre,1.5065,0.6174360655737703,0.6174,0.27166393442622966,0.8890639344262297,observed/curated,derived from final price + statutory tax schedule,False,False,31,31,MASE monthly fuel-price series — curated chart copy,https://sisen.mase.gov.it/dgsaie/open-data,"Final price follows the monthly series used for the charts. Components are reconstructed from final price, VAT rules and the statutory excise schedule. Use update_data.py to import a freshly downloaded official MASE CSV."
2021-08-01,2021-08-01,2021-08-31,monthly,diesel,Italy national,national statistical series,self-service,EUR/litre,1.5063,0.6172721311475409,0.6174,0.2716278688524592,0.8890278688524591,observed/curated,derived from final price + statutory tax schedule,False,False,31,31,MASE monthly fuel-price series — curated chart copy,https://sisen.mase.gov.it/dgsaie/open-data,"Final price follows the monthly series used for the charts. Components are reconstructed from final price, VAT rules and the statutory excise schedule. Use update_data.py to import a freshly downloaded official MASE CSV."
2021-09-01,2021-09-01,2021-09-30,monthly,diesel,Italy national,national statistical series,self-service,EUR/litre,1.5136,0.6232557377049179,0.6174,0.2729442622950821,0.8903442622950821,observed/curated,derived from final price + statutory tax schedule,False,False,30,30,MASE monthly fuel-price series — curated chart copy,https://sisen.mase.gov.it/dgsaie/open-data,"Final price follows the monthly series used for the charts. Components are reconstructed from final price, VAT rules and the statutory excise schedule. Use update_data.py to import a freshly downloaded official MASE CSV."
2021-10-01,2021-10-01,2021-10-31,monthly,diesel,Italy national,national statistical series,self-service,EUR/litre,1.5762,0.674567213114754,0.6174,0.2842327868852461,0.9016327868852461,observed/curated,derived from final price + statutory tax schedule,False,False,31,31,MASE monthly fuel-price series — curated chart copy,https://sisen.mase.gov.it/dgsaie/open-data,"Final price follows the monthly series used for the charts. Components are reconstructed from final price, VAT rules and the statutory excise schedule. Use update_data.py to import a freshly downloaded official MASE CSV."
2021-11-01,2021-11-01,2021-11-30,monthly,diesel,Italy national,national statistical series,self-service,EUR/litre,1.6117,0.7036655737704917,0.6174,0.2906344262295083,0.9080344262295083,observed/curated,derived from final price + statutory tax schedule,False,False,30,30,MASE monthly fuel-price series — curated chart copy,https://sisen.mase.gov.it/dgsaie/open-data,"Final price follows the monthly series used for the charts. Components are reconstructed from final price, VAT rules and the statutory excise schedule. Use update_data.py to import a freshly downloaded official MASE CSV."
2021-12-01,2021-12-01,2021-12-31,monthly,diesel,Italy national,national statistical series,self-service,EUR/litre,1.5901,0.6859606557377048,0.6174,0.2867393442622953,0.9041393442622953,observed/curated,derived from final price + statutory tax schedule,False,False,31,31,MASE monthly fuel-price series — curated chart copy,https://sisen.mase.gov.it/dgsaie/open-data,"Final price follows the monthly series used for the charts. Components are reconstructed from final price, VAT rules and the statutory excise schedule. Use update_data.py to import a freshly downloaded official MASE CSV."
2022-01-01,2022-01-01,2022-01-31,monthly,diesel,Italy national,national statistical series,self-service,EUR/litre,1.6241,0.7138295081967212,0.6174,0.2928704918032789,0.9102704918032789,observed/curated,derived from final price + statutory tax schedule,False,False,31,31,MASE monthly fuel-price series — curated chart copy,https://sisen.mase.gov.it/dgsaie/open-data,"Final price follows the monthly series used for the charts. Components are reconstructed from final price, VAT rules and the statutory excise schedule. Use update_data.py to import a freshly downloaded official MASE CSV."
2022-02-01,2022-02-01,2022-02-28,monthly,diesel,Italy national,national statistical series,self-service,EUR/litre,1.7154,0.7886655737704917,0.6174,0.3093344262295083,0.9267344262295083,observed/curated,derived from final price + statutory tax schedule,False,False,28,28,MASE monthly fuel-price series — curated chart copy,https://sisen.mase.gov.it/dgsaie/open-data,"Final price follows the monthly series used for the charts. Components are reconstructed from final price, VAT rules and the statutory excise schedule. Use update_data.py to import a freshly downloaded official MASE CSV."
2022-03-01,2022-03-01,2022-03-31,monthly,diesel,Italy national,national statistical series,self-service,EUR/litre,1.9916,1.095704177683765,0.5367548387096773,0.3591409836065576,0.895895822316235,observed/curated,derived from final price + statutory tax schedule,False,False,31,31,MASE monthly fuel-price series — curated chart copy,https://sisen.mase.gov.it/dgsaie/open-data,"Final price follows the monthly series used for the charts. Components are reconstructed from final price, VAT rules and the statutory excise schedule. Use update_data.py to import a freshly downloaded official MASE CSV."
2022-04-01,2022-04-01,2022-04-30,monthly,diesel,Italy national,national statistical series,self-service,EUR/litre,1.7667,1.0807147540983606,0.3674,0.3185852459016395,0.6859852459016396,observed/curated,derived from final price + statutory tax schedule,False,False,30,30,MASE monthly fuel-price series — curated chart copy,https://sisen.mase.gov.it/dgsaie/open-data,"Final price follows the monthly series used for the charts. Components are reconstructed from final price, VAT rules and the statutory excise schedule. Use update_data.py to import a freshly downloaded official MASE CSV."
2022-05-01,2022-05-01,2022-05-31,monthly,diesel,Italy national,national statistical series,self-service,EUR/litre,1.8165,1.1215344262295082,0.3674,0.327565573770492,0.6949655737704921,observed/curated,derived from final price + statutory tax schedule,False,False,31,31,MASE monthly fuel-price series — curated chart copy,https://sisen.mase.gov.it/dgsaie/open-data,"Final price follows the monthly series used for the charts. Components are reconstructed from final price, VAT rules and the statutory excise schedule. Use update_data.py to import a freshly downloaded official MASE CSV."
2022-06-01,2022-06-01,2022-06-30,monthly,diesel,Italy national,national statistical series,self-service,EUR/litre,1.9567,1.2364524590163934,0.3674,0.35284754098360677,0.7202475409836068,observed/curated,derived from final price + statutory tax schedule,False,False,30,30,MASE monthly fuel-price series — curated chart copy,https://sisen.mase.gov.it/dgsaie/open-data,"Final price follows the monthly series used for the charts. Components are reconstructed from final price, VAT rules and the statutory excise schedule. Use update_data.py to import a freshly downloaded official MASE CSV."
2022-07-01,2022-07-01,2022-07-31,monthly,diesel,Italy national,national statistical series,self-service,EUR/litre,1.9599,1.2390754098360655,0.3674,0.3534245901639346,0.7208245901639346,observed/curated,derived from final price + statutory tax schedule,False,False,31,31,MASE monthly fuel-price series — curated chart copy,https://sisen.mase.gov.it/dgsaie/open-data,"Final price follows the monthly series used for the charts. Components are reconstructed from final price, VAT rules and the statutory excise schedule. Use update_data.py to import a freshly downloaded official MASE CSV."
2022-08-01,2022-08-01,2022-08-31,monthly,diesel,Italy national,national statistical series,self-service,EUR/litre,1.7945,1.103501639344262,0.3674,0.32359836065573794,0.6909983606557379,observed/curated,derived from final price + statutory tax schedule,False,False,31,31,MASE monthly fuel-price series — curated chart copy,https://sisen.mase.gov.it/dgsaie/open-data,"Final price follows the monthly series used for the charts. Components are reconstructed from final price, VAT rules and the statutory excise schedule. Use update_data.py to import a freshly downloaded official MASE CSV."
2022-09-01,2022-09-01,2022-09-30,monthly,diesel,Italy national,national statistical series,self-service,EUR/litre,1.8078,1.1144032786885245,0.3674,0.32599672131147556,0.6933967213114756,observed/curated,derived from final price + statutory tax schedule,False,False,30,30,MASE monthly fuel-price series — curated chart copy,https://sisen.mase.gov.it/dgsaie/open-data,"Final price follows the monthly series used for the charts. Components are reconstructed from final price, VAT rules and the statutory excise schedule. Use update_data.py to import a freshly downloaded official MASE CSV."
2022-10-01,2022-10-01,2022-10-31,monthly,diesel,Italy national,national statistical series,self-service,EUR/litre,1.8311,1.133501639344262,0.3674,0.33019836065573793,0.6975983606557379,observed/curated,derived from final price + statutory tax schedule,False,False,31,31,MASE monthly fuel-price series — curated chart copy,https://sisen.mase.gov.it/dgsaie/open-data,"Final price follows the monthly series used for the charts. Components are reconstructed from final price, VAT rules and the statutory excise schedule. Use update_data.py to import a freshly downloaded official MASE CSV."
2022-11-01,2022-11-01,2022-11-30,monthly,diesel,Italy national,national statistical series,self-service,EUR/litre,1.8172,1.1221081967213113,0.3674,0.3276918032786887,0.6950918032786887,observed/curated,derived from final price + statutory tax schedule,False,False,30,30,MASE monthly fuel-price series — curated chart copy,https://sisen.mase.gov.it/dgsaie/open-data,"Final price follows the monthly series used for the charts. Components are reconstructed from final price, VAT rules and the statutory excise schedule. Use update_data.py to import a freshly downloaded official MASE CSV."
2022-12-01,2022-12-01,2022-12-31,monthly,diesel,Italy national,national statistical series,self-service,EUR/litre,1.7354,0.9550590163934427,0.46739999999999987,0.3129409836065576,0.7803409836065575,observed/curated,derived from final price + statutory tax schedule,False,False,31,31,MASE monthly fuel-price series — curated chart copy,https://sisen.mase.gov.it/dgsaie/open-data,"Final price follows the monthly series used for the charts. Components are reconstructed from final price, VAT rules and the statutory excise schedule. Use update_data.py to import a freshly downloaded official MASE CSV."
2023-01-01,2023-01-01,2023-01-31,monthly,diesel,Italy national,national statistical series,self-service,EUR/litre,1.8454,0.8952229508196718,0.6174,0.3327770491803281,0.9501770491803281,observed/curated,derived from final price + statutory tax schedule,False,False,31,31,MASE monthly fuel-price series — curated chart copy,https://sisen.mase.gov.it/dgsaie/open-data,"Final price follows the monthly series used for the charts. Components are reconstructed from final price, VAT rules and the statutory excise schedule. Use update_data.py to import a freshly downloaded official MASE CSV."
2023-02-01,2023-02-01,2023-02-28,monthly,diesel,Italy national,national statistical series,self-service,EUR/litre,1.8521,0.9007147540983607,0.6174,0.33398524590163947,0.9513852459016394,observed/curated,derived from final price + statutory tax schedule,False,False,28,28,MASE monthly fuel-price series — curated chart copy,https://sisen.mase.gov.it/dgsaie/open-data,"Final price follows the monthly series used for the charts. Components are reconstructed from final price, VAT rules and the statutory excise schedule. Use update_data.py to import a freshly downloaded official MASE CSV."
2023-03-01,2023-03-01,2023-03-31,monthly,diesel,Italy national,national statistical series,self-service,EUR/litre,1.806,0.8629278688524589,0.6174,0.3256721311475412,0.9430721311475412,observed/curated,derived from final price + statutory tax schedule,False,False,31,31,MASE monthly fuel-price series — curated chart copy,https://sisen.mase.gov.it/dgsaie/open-data,"Final price follows the monthly series used for the charts. Components are reconstructed from final price, VAT rules and the statutory excise schedule. Use update_data.py to import a freshly downloaded official MASE CSV."
2023-04-01,2023-04-01,2023-04-30,monthly,diesel,Italy national,national statistical series,self-service,EUR/litre,1.7615,0.8264524590163934,0.6174,0.3176475409836067,0.9350475409836067,observed/curated,derived from final price + statutory tax schedule,False,False,30,30,MASE monthly fuel-price series — curated chart copy,https://sisen.mase.gov.it/dgsaie/open-data,"Final price follows the monthly series used for the charts. Components are reconstructed from final price, VAT rules and the statutory excise schedule. Use update_data.py to import a freshly downloaded official MASE CSV."
2023-05-01,2023-05-01,2023-05-31,monthly,diesel,Italy national,national statistical series,self-service,EUR/litre,1.6715,0.7526819672131146,0.6174,0.30141803278688545,0.9188180327868853,observed/curated,derived from final price + statutory tax schedule,False,False,31,31,MASE monthly fuel-price series — curated chart copy,https://sisen.mase.gov.it/dgsaie/open-data,"Final price follows the monthly series used for the charts. Components are reconstructed from final price, VAT rules and the statutory excise schedule. Use update_data.py to import a freshly downloaded official MASE CSV."
2023-06-01,2023-06-01,2023-06-30,monthly,diesel,Italy national,national statistical series,self-service,EUR/litre,1.6744,0.7550590163934426,0.6174,0.3019409836065575,0.9193409836065575,observed/curated,derived from final price + statutory tax schedule,False,False,30,30,MASE monthly fuel-price series — curated chart copy,https://sisen.mase.gov.it/dgsaie/open-data,"Final price follows the monthly series used for the charts. Components are reconstructed from final price, VAT rules and the statutory excise schedule. Use update_data.py to import a freshly downloaded official MASE CSV."
2023-07-01,2023-07-01,2023-07-31,monthly,diesel,Italy national,national statistical series,self-service,EUR/litre,1.7056,0.7806327868852457,0.6174,0.3075672131147543,0.9249672131147543,observed/curated,derived from final price + statutory tax schedule,False,False,31,31,MASE monthly fuel-price series — curated chart copy,https://sisen.mase.gov.it/dgsaie/open-data,"Final price follows the monthly series used for the charts. Components are reconstructed from final price, VAT rules and the statutory excise schedule. Use update_data.py to import a freshly downloaded official MASE CSV."
2023-08-01,2023-08-01,2023-08-31,monthly,diesel,Italy national,national statistical series,self-service,EUR/litre,1.8292,0.8819442622950817,0.6174,0.3298557377049182,0.9472557377049182,observed/curated,derived from final price + statutory tax schedule,False,False,31,31,MASE monthly fuel-price series — curated chart copy,https://sisen.mase.gov.it/dgsaie/open-data,"Final price follows the monthly series used for the charts. Components are reconstructed from final price, VAT rules and the statutory excise schedule. Use update_data.py to import a freshly downloaded official MASE CSV."
2023-09-01,2023-09-01,2023-09-30,monthly,diesel,Italy national,national statistical series,self-service,EUR/litre,1.8986,0.9388295081967213,0.6174,0.3423704918032789,0.9597704918032788,observed/curated,derived from final price + statutory tax schedule,False,False,30,30,MASE monthly fuel-price series — curated chart copy,https://sisen.mase.gov.it/dgsaie/open-data,"Final price follows the monthly series used for the charts. Components are reconstructed from final price, VAT rules and the statutory excise schedule. Use update_data.py to import a freshly downloaded official MASE CSV."
2023-10-01,2023-10-01,2023-10-31,monthly,diesel,Italy national,national statistical series,self-service,EUR/litre,1.9,0.9399770491803277,0.6174,0.3426229508196723,0.9600229508196723,observed/curated,derived from final price + statutory tax schedule,False,False,31,31,MASE monthly fuel-price series — curated chart copy,https://sisen.mase.gov.it/dgsaie/open-data,"Final price follows the monthly series used for the charts. Components are reconstructed from final price, VAT rules and the statutory excise schedule. Use update_data.py to import a freshly downloaded official MASE CSV."
2023-11-01,2023-11-01,2023-11-30,monthly,diesel,Italy national,national statistical series,self-service,EUR/litre,1.8135,0.8690754098360653,0.6174,0.3270245901639346,0.9444245901639345,observed/curated,derived from final price + statutory tax schedule,False,False,30,30,MASE monthly fuel-price series — curated chart copy,https://sisen.mase.gov.it/dgsaie/open-data,"Final price follows the monthly series used for the charts. Components are reconstructed from final price, VAT rules and the statutory excise schedule. Use update_data.py to import a freshly downloaded official MASE CSV."
2023-12-01,2023-12-01,2023-12-31,monthly,diesel,Italy national,national statistical series,self-service,EUR/litre,1.7461,0.8138295081967212,0.6174,0.31487049180327886,0.9322704918032788,observed/curated,derived from final price + statutory tax schedule,False,False,31,31,MASE monthly fuel-price series — curated chart copy,https://sisen.mase.gov.it/dgsaie/open-data,"Final price follows the monthly series used for the charts. Components are reconstructed from final price, VAT rules and the statutory excise schedule. Use update_data.py to import a freshly downloaded official MASE CSV."
2024-01-01,2024-01-01,2024-01-31,monthly,diesel,Italy national,national statistical series,self-service,EUR/litre,1.739,0.8080098360655736,0.6174,0.31359016393442646,0.9309901639344265,observed/curated,derived from final price + statutory tax schedule,False,False,31,31,MASE monthly fuel-price series — curated chart copy,https://sisen.mase.gov.it/dgsaie/open-data,"Final price follows the monthly series used for the charts. Components are reconstructed from final price, VAT rules and the statutory excise schedule. Use update_data.py to import a freshly downloaded official MASE CSV."
2024-02-01,2024-02-01,2024-02-29,monthly,diesel,Italy national,national statistical series,self-service,EUR/litre,1.8115,0.8674360655737705,0.6174,0.3266639344262297,0.9440639344262296,observed/curated,derived from final price + statutory tax schedule,False,False,29,29,MASE monthly fuel-price series — curated chart copy,https://sisen.mase.gov.it/dgsaie/open-data,"Final price follows the monthly series used for the charts. Components are reconstructed from final price, VAT rules and the statutory excise schedule. Use update_data.py to import a freshly downloaded official MASE CSV."
2024-03-01,2024-03-01,2024-03-31,monthly,diesel,Italy national,national statistical series,self-service,EUR/litre,1.801,0.8588295081967211,0.6174,0.3247704918032789,0.9421704918032788,observed/curated,derived from final price + statutory tax schedule,False,False,31,31,MASE monthly fuel-price series — curated chart copy,https://sisen.mase.gov.it/dgsaie/open-data,"Final price follows the monthly series used for the charts. Components are reconstructed from final price, VAT rules and the statutory excise schedule. Use update_data.py to import a freshly downloaded official MASE CSV."
2024-04-01,2024-04-01,2024-04-30,monthly,diesel,Italy national,national statistical series,self-service,EUR/litre,1.8033,0.8607147540983604,0.6174,0.3251852459016395,0.9425852459016395,observed/curated,derived from final price + statutory tax schedule,False,False,30,30,MASE monthly fuel-price series — curated chart copy,https://sisen.mase.gov.it/dgsaie/open-data,"Final price follows the monthly series used for the charts. Components are reconstructed from final price, VAT rules and the statutory excise schedule. Use update_data.py to import a freshly downloaded official MASE CSV."
2024-05-01,2024-05-01,2024-05-31,monthly,diesel,Italy national,national statistical series,self-service,EUR/litre,1.746,0.8137475409836064,0.6174,0.31485245901639364,0.9322524590163936,observed/curated,derived from final price + statutory tax schedule,False,False,31,31,MASE monthly fuel-price series — curated chart copy,https://sisen.mase.gov.it/dgsaie/open-data,"Final price follows the monthly series used for the charts. Components are reconstructed from final price, VAT rules and the statutory excise schedule. Use update_data.py to import a freshly downloaded official MASE CSV."
2024-06-01,2024-06-01,2024-06-30,monthly,diesel,Italy national,national statistical series,self-service,EUR/litre,1.704,0.7793213114754097,0.6174,0.3072786885245903,0.9246786885245902,observed/curated,derived from final price + statutory tax schedule,False,False,30,30,MASE monthly fuel-price series — curated chart copy,https://sisen.mase.gov.it/dgsaie/open-data,"Final price follows the monthly series used for the charts. Components are reconstructed from final price, VAT rules and the statutory excise schedule. Use update_data.py to import a freshly downloaded official MASE CSV."
2024-07-01,2024-07-01,2024-07-31,monthly,diesel,Italy national,national statistical series,self-service,EUR/litre,1.7427,0.8110426229508194,0.6174,0.3142573770491805,0.9316573770491805,observed/curated,derived from final price + statutory tax schedule,False,False,31,31,MASE monthly fuel-price series — curated chart copy,https://sisen.mase.gov.it/dgsaie/open-data,"Final price follows the monthly series used for the charts. Components are reconstructed from final price, VAT rules and the statutory excise schedule. Use update_data.py to import a freshly downloaded official MASE CSV."
2024-08-01,2024-08-01,2024-08-31,monthly,diesel,Italy national,national statistical series,self-service,EUR/litre,1.7013,0.7771081967213114,0.6174,0.3067918032786887,0.9241918032786887,observed/curated,derived from final price + statutory tax schedule,False,False,31,31,MASE monthly fuel-price series — curated chart copy,https://sisen.mase.gov.it/dgsaie/open-data,"Final price follows the monthly series used for the charts. Components are reconstructed from final price, VAT rules and the statutory excise schedule. Use update_data.py to import a freshly downloaded official MASE CSV."
2024-09-01,2024-09-01,2024-09-30,monthly,diesel,Italy national,national statistical series,self-service,EUR/litre,1.6394,0.7263704918032785,0.6174,0.29562950819672146,0.9130295081967215,observed/curated,derived from final price + statutory tax schedule,False,False,30,30,MASE monthly fuel-price series — curated chart copy,https://sisen.mase.gov.it/dgsaie/open-data,"Final price follows the monthly series used for the charts. Components are reconstructed from final price, VAT rules and the statutory excise schedule. Use update_data.py to import a freshly downloaded official MASE CSV."
2024-10-01,2024-10-01,2024-10-31,monthly,diesel,Italy national,national statistical series,self-service,EUR/litre,1.6333,0.7213704918032785,0.6174,0.2945295081967215,0.9119295081967215,observed/curated,derived from final price + statutory tax schedule,False,False,31,31,MASE monthly fuel-price series — curated chart copy,https://sisen.mase.gov.it/dgsaie/open-data,"Final price follows the monthly series used for the charts. Components are reconstructed from final price, VAT rules and the statutory excise schedule. Use update_data.py to import a freshly downloaded official MASE CSV."
2024-11-01,2024-11-01,2024-11-30,monthly,diesel,Italy national,national statistical series,self-service,EUR/litre,1.6376,0.724895081967213,0.6174,0.295304918032787,0.912704918032787,observed/curated,derived from final price + statutory tax schedule,False,False,30,30,MASE monthly fuel-price series — curated chart copy,https://sisen.mase.gov.it/dgsaie/open-data,"Final price follows the monthly series used for the charts. Components are reconstructed from final price, VAT rules and the statutory excise schedule. Use update_data.py to import a freshly downloaded official MASE CSV."
2024-12-01,2024-12-01,2024-12-31,monthly,diesel,Italy national,national statistical series,self-service,EUR/litre,1.6548,0.7389934426229507,0.6174,0.2984065573770494,0.9158065573770493,observed/curated,derived from final price + statutory tax schedule,False,False,31,31,MASE monthly fuel-price series — curated chart copy,https://sisen.mase.gov.it/dgsaie/open-data,"Final price follows the monthly series used for the charts. Components are reconstructed from final price, VAT rules and the statutory excise schedule. Use update_data.py to import a freshly downloaded official MASE CSV."
2025-01-01,2025-01-01,2025-01-31,monthly,diesel,Italy national,national statistical series,self-service,EUR/litre,1.7077,0.7823540983606556,0.6174,0.3079459016393445,0.9253459016393444,observed/curated,derived from final price + statutory tax schedule,False,False,31,31,MASE monthly fuel-price series — curated chart copy,https://sisen.mase.gov.it/dgsaie/open-data,"Final price follows the monthly series used for the charts. Components are reconstructed from final price, VAT rules and the statutory excise schedule. Use update_data.py to import a freshly downloaded official MASE CSV."
2025-02-01,2025-02-01,2025-02-28,monthly,diesel,Italy national,national statistical series,self-service,EUR/litre,1.7272,0.7983377049180328,0.6174,0.3114622950819673,0.9288622950819673,observed/curated,derived from final price + statutory tax schedule,False,False,28,28,MASE monthly fuel-price series — curated chart copy,https://sisen.mase.gov.it/dgsaie/open-data,"Final price follows the monthly series used for the charts. Components are reconstructed from final price, VAT rules and the statutory excise schedule. Use update_data.py to import a freshly downloaded official MASE CSV."
2025-03-01,2025-03-01,2025-03-31,monthly,diesel,Italy national,national statistical series,self-service,EUR/litre,1.6865,0.7649770491803278,0.6174,0.30412295081967233,0.9215229508196723,observed/curated,derived from final price + statutory tax schedule,False,False,31,31,MASE monthly fuel-price series — curated chart copy,https://sisen.mase.gov.it/dgsaie/open-data,"Final price follows the monthly series used for the charts. Components are reconstructed from final price, VAT rules and the statutory excise schedule. Use update_data.py to import a freshly downloaded official MASE CSV."
2025-04-01,2025-04-01,2025-04-30,monthly,diesel,Italy national,national statistical series,self-service,EUR/litre,1.6245,0.7141573770491803,0.6174,0.29294262295081985,0.9103426229508198,observed/curated,derived from final price + statutory tax schedule,False,False,30,30,MASE monthly fuel-price series — curated chart copy,https://sisen.mase.gov.it/dgsaie/open-data,"Final price follows the monthly series used for the charts. Components are reconstructed from final price, VAT rules and the statutory excise schedule. Use update_data.py to import a freshly downloaded official MASE CSV."
2025-05-01,2025-05-01,2025-05-31,monthly,diesel,Italy national,national statistical series,self-service,EUR/litre,1.5895,0.677243046007403,0.625625806451613,0.2866311475409838,0.9122569539925969,observed/curated,derived from final price + statutory tax schedule,False,False,31,31,MASE monthly fuel-price series — curated chart copy,https://sisen.mase.gov.it/dgsaie/open-data,"Final price follows the monthly series used for the charts. Components are reconstructed from final price, VAT rules and the statutory excise schedule. Use update_data.py to import a freshly downloaded official MASE CSV."
2025-06-01,2025-06-01,2025-06-30,monthly,diesel,Italy national,national statistical series,self-service,EUR/litre,1.618,0.6938295081967212,0.6324000000000001,0.29177049180327885,0.9241704918032789,observed/curated,derived from final price + statutory tax schedule,False,False,30,30,MASE monthly fuel-price series — curated chart copy,https://sisen.mase.gov.it/dgsaie/open-data,"Final price follows the monthly series used for the charts. Components are reconstructed from final price, VAT rules and the statutory excise schedule. Use update_data.py to import a freshly downloaded official MASE CSV."
2025-07-01,2025-07-01,2025-07-31,monthly,diesel,Italy national,national statistical series,self-service,EUR/litre,1.6626,0.7303868852459015,0.6324000000000001,0.29981311475409855,0.9322131147540986,observed/curated,derived from final price + statutory tax schedule,False,False,31,31,MASE monthly fuel-price series — curated chart copy,https://sisen.mase.gov.it/dgsaie/open-data,"Final price follows the monthly series used for the charts. Components are reconstructed from final price, VAT rules and the statutory excise schedule. Use update_data.py to import a freshly downloaded official MASE CSV."
2025-08-01,2025-08-01,2025-08-31,monthly,diesel,Italy national,national statistical series,self-service,EUR/litre,1.6359,0.708501639344262,0.6324000000000001,0.29499836065573787,0.9273983606557379,observed/curated,derived from final price + statutory tax schedule,False,False,31,31,MASE monthly fuel-price series — curated chart copy,https://sisen.mase.gov.it/dgsaie/open-data,"Final price follows the monthly series used for the charts. Components are reconstructed from final price, VAT rules and the statutory excise schedule. Use update_data.py to import a freshly downloaded official MASE CSV."
2025-09-01,2025-09-01,2025-09-30,monthly,diesel,Italy national,national statistical series,self-service,EUR/litre,1.6327,0.70587868852459,0.6324000000000001,0.29442131147541,0.92682131147541,observed/curated,derived from final price + statutory tax schedule,False,False,30,30,MASE monthly fuel-price series — curated chart copy,https://sisen.mase.gov.it/dgsaie/open-data,"Final price follows the monthly series used for the charts. Components are reconstructed from final price, VAT rules and the statutory excise schedule. Use update_data.py to import a freshly downloaded official MASE CSV."
2025-10-01,2025-10-01,2025-10-31,monthly,diesel,Italy national,national statistical series,self-service,EUR/litre,1.6215,0.6966983606557373,0.6324000000000001,0.2924016393442625,0.9248016393442626,observed/curated,derived from final price + statutory tax schedule,False,False,31,31,MASE monthly fuel-price series — curated chart copy,https://sisen.mase.gov.it/dgsaie/open-data,"Final price follows the monthly series used for the charts. Components are reconstructed from final price, VAT rules and the statutory excise schedule. Use update_data.py to import a freshly downloaded official MASE CSV."
2025-11-01,2025-11-01,2025-11-30,monthly,diesel,Italy national,national statistical series,self-service,EUR/litre,1.668,0.7348131147540982,0.6324000000000001,0.30078688524590175,0.9331868852459018,observed/curated,derived from final price + statutory tax schedule,False,False,30,30,MASE monthly fuel-price series — curated chart copy,https://sisen.mase.gov.it/dgsaie/open-data,"Final price follows the monthly series used for the charts. Components are reconstructed from final price, VAT rules and the statutory excise schedule. Use update_data.py to import a freshly downloaded official MASE CSV."
2025-12-01,2025-12-01,2025-12-31,monthly,diesel,Italy national,national statistical series,self-service,EUR/litre,1.6644,0.7318622950819671,0.6324000000000001,0.300137704918033,0.932537704918033,observed/curated,derived from final price + statutory tax schedule,False,False,31,31,MASE monthly fuel-price series — curated chart copy,https://sisen.mase.gov.it/dgsaie/open-data,"Final price follows the monthly series used for the charts. Components are reconstructed from final price, VAT rules and the statutory excise schedule. Use update_data.py to import a freshly downloaded official MASE CSV."
2026-01-01,2026-01-01,2026-01-31,monthly,diesel,Italy national,national statistical series,self-service,EUR/litre,1.6597,0.6875098360655739,0.6728999999999996,0.2992901639344264,0.972190163934426,observed/curated,derived from final price + statutory tax schedule,False,False,31,31,MASE monthly fuel-price series — curated chart copy,https://sisen.mase.gov.it/dgsaie/open-data,"Final price follows the monthly series used for the charts. Components are reconstructed from final price, VAT rules and the statutory excise schedule. Use update_data.py to import a freshly downloaded official MASE CSV."
2026-02-01,2026-02-01,2026-02-28,monthly,diesel,Italy national,national statistical series,self-service,EUR/litre,1.6926,0.7144770491803281,0.6728999999999997,0.30522295081967227,0.978122950819672,observed/curated,derived from final price + statutory tax schedule,False,False,28,28,MASE monthly fuel-price series — curated chart copy,https://sisen.mase.gov.it/dgsaie/open-data,"Final price follows the monthly series used for the charts. Components are reconstructed from final price, VAT rules and the statutory excise schedule. Use update_data.py to import a freshly downloaded official MASE CSV."
2026-03-01,2026-03-01,2026-03-31,monthly,diesel,Italy national,national statistical series,self-service,EUR/litre,1.9359,0.9977742464304599,0.5890290322580644,0.3490967213114756,0.93812575356954,observed/curated,derived from final price + statutory tax schedule,False,False,31,31,MASE monthly fuel-price series — curated chart copy,https://sisen.mase.gov.it/dgsaie/open-data,"Final price follows the monthly series used for the charts. Components are reconstructed from final price, VAT rules and the statutory excise schedule. Use update_data.py to import a freshly downloaded official MASE CSV."
2026-04-01,2026-04-01,2026-04-30,monthly,diesel,Italy national,national statistical series,self-service,EUR/litre,2.1049,1.252427868852459,0.4728999999999998,0.37957213114754124,0.8524721311475411,observed/curated,derived from final price + statutory tax schedule,False,False,30,30,MASE monthly fuel-price series — curated chart copy,https://sisen.mase.gov.it/dgsaie/open-data,"Final price follows the monthly series used for the charts. Components are reconstructed from final price, VAT rules and the statutory excise schedule. Use update_data.py to import a freshly downloaded official MASE CSV."
2026-05-01,2026-05-01,2026-05-31,monthly,diesel,Italy national,national statistical series,self-service,EUR/litre,2.0094,1.1451169222633522,0.5019322580645162,0.36235081967213134,0.8642830777366476,observed/curated,derived from final price + statutory tax schedule,False,False,31,31,MASE monthly fuel-price series — curated chart copy,https://sisen.mase.gov.it/dgsaie/open-data,"Final price follows the monthly series used for the charts. Components are reconstructed from final price, VAT rules and the statutory excise schedule. Use update_data.py to import a freshly downloaded official MASE CSV."
2026-06-01,2026-06-01,2026-06-30,monthly,diesel,Italy national,national statistical series,self-service,EUR/litre,1.9705,1.002263934426229,0.6129000000000001,0.3553360655737707,0.9682360655737707,observed/curated,derived from final price + statutory tax schedule,False,False,30,30,MASE monthly fuel-price series — curated chart copy,https://sisen.mase.gov.it/dgsaie/open-data,"Final price follows the monthly series used for the charts. Components are reconstructed from final price, VAT rules and the statutory excise schedule. Use update_data.py to import a freshly downloaded official MASE CSV."
2026-07-01,2026-07-01,2026-07-31,monthly,diesel,Italy national,national statistical series,self-service,EUR/litre,2.0057,0.9940196192490741,0.6499967741935485,0.3616836065573773,1.0116803807509258,observed/curated,derived from final price + statutory tax schedule,False,False,31,31,MASE monthly fuel-price series — curated chart copy,https://sisen.mase.gov.it/dgsaie/open-data,"Final price follows the monthly series used for the charts. Components are reconstructed from final price, VAT rules and the statutory excise schedule. Use update_data.py to import a freshly downloaded official MASE CSV."
2026-08-01,2026-08-01,2026-08-31,monthly,diesel,Italy national,national statistical series,self-service,EUR/litre,2.0977,1.1865262295081964,0.5329,0.37827377049180355,0.9111737704918036,observed/curated,derived from final price + statutory tax schedule,False,False,31,31,MASE monthly fuel-price series — curated chart copy,https://sisen.mase.gov.it/dgsaie/open-data,"Final price follows the monthly series used for the charts. Components are reconstructed from final price, VAT rules and the statutory excise schedule. Use update_data.py to import a freshly downloaded official MASE CSV."
2026-09-01,2026-09-01,2026-09-30,monthly,diesel,Italy national,national statistical series,self-service,EUR/litre,2.1663,1.2427557377049183,0.5328999999999999,0.390644262295082,0.9235442622950819,observed/curated,derived from final price + statutory tax schedule,True,False,14,30,MASE monthly fuel-price series — curated chart copy,https://sisen.mase.gov.it/dgsaie/open-data,"Final price follows the monthly series used for the charts. Components are reconstructed from final price, VAT rules and the statutory excise schedule. Use update_data.py to import a freshly downloaded official MASE CSV. Partial September 2026 month."
2026-09-01,2026-09-01,2026-09-01,daily,petrol,Italy national,ordinary road network,self-service,EUR/litre,2.022,0.9844770491803276,0.6729,0.3646229508196721,1.0375229508196722,observed/curated,derived from final price + statutory tax schedule,False,False,1,1,MIMIT national daily self-service average — curated chart copy,https://www.mimit.gov.it/it/prezzi-carburanti-media-nazionale,National ordinary-road self-service daily series used in the recent chart. The current MIMIT page exposes only the latest and previous national value; use update_data.py daily to accumulate future observations.
2026-09-02,2026-09-02,2026-09-02,daily,petrol,Italy national,ordinary road network,self-service,EUR/litre,2.027,0.9885754098360656,0.6729,0.36552459016393446,1.0384245901639346,observed/curated,derived from final price + statutory tax schedule,False,False,1,1,MIMIT national daily self-service average — curated chart copy,https://www.mimit.gov.it/it/prezzi-carburanti-media-nazionale,National ordinary-road self-service daily series used in the recent chart. The current MIMIT page exposes only the latest and previous national value; use update_data.py daily to accumulate future observations.
2026-09-03,2026-09-03,2026-09-03,daily,petrol,Italy national,ordinary road network,self-service,EUR/litre,2.039,0.9984114754098361,0.6729,0.367688524590164,1.040588524590164,observed/curated,derived from final price + statutory tax schedule,False,False,1,1,MIMIT national daily self-service average — curated chart copy,https://www.mimit.gov.it/it/prezzi-carburanti-media-nazionale,National ordinary-road self-service daily series used in the recent chart. The current MIMIT page exposes only the latest and previous national value; use update_data.py daily to accumulate future observations.
2026-09-04,2026-09-04,2026-09-04,daily,petrol,Italy national,ordinary road network,self-service,EUR/litre,2.046,1.0041491803278686,0.6729,0.3689508196721311,1.0418508196721312,observed/curated,derived from final price + statutory tax schedule,False,False,1,1,MIMIT national daily self-service average — curated chart copy,https://www.mimit.gov.it/it/prezzi-carburanti-media-nazionale,National ordinary-road self-service daily series used in the recent chart. The current MIMIT page exposes only the latest and previous national value; use update_data.py daily to accumulate future observations.
2026-09-05,2026-09-05,2026-09-05,daily,petrol,Italy national,ordinary road network,self-service,EUR/litre,2.052,1.009067213114754,0.6729,0.37003278688524593,1.042932786885246,observed/curated,derived from final price + statutory tax schedule,False,False,1,1,MIMIT national daily self-service average — curated chart copy,https://www.mimit.gov.it/it/prezzi-carburanti-media-nazionale,National ordinary-road self-service daily series used in the recent chart. The current MIMIT page exposes only the latest and previous national value; use update_data.py daily to accumulate future observations.
2026-09-06,2026-09-06,2026-09-06,daily,petrol,Italy national,ordinary road network,self-service,EUR/litre,2.053,1.0098868852459015,0.6729,0.37021311475409835,1.0431131147540984,observed/curated,derived from final price + statutory tax schedule,False,False,1,1,MIMIT national daily self-service average — curated chart copy,https://www.mimit.gov.it/it/prezzi-carburanti-media-nazionale,National ordinary-road self-service daily series used in the recent chart. The current MIMIT page exposes only the latest and previous national value; use update_data.py daily to accumulate future observations.
2026-09-07,2026-09-07,2026-09-07,daily,petrol,Italy national,ordinary road network,self-service,EUR/litre,2.054,1.010706557377049,0.6729,0.37039344262295076,1.0432934426229508,observed/curated,derived from final price + statutory tax schedule,False,False,1,1,MIMIT national daily self-service average — curated chart copy,https://www.mimit.gov.it/it/prezzi-carburanti-media-nazionale,National ordinary-road self-service daily series used in the recent chart. The current MIMIT page exposes only the latest and previous national value; use update_data.py daily to accumulate future observations.
2026-09-08,2026-09-08,2026-09-08,daily,petrol,Italy national,ordinary road network,self-service,EUR/litre,2.058,1.0139852459016392,0.6729,0.3711147540983606,1.0440147540983606,observed/curated,derived from final price + statutory tax schedule,False,False,1,1,MIMIT national daily self-service average — curated chart copy,https://www.mimit.gov.it/it/prezzi-carburanti-media-nazionale,National ordinary-road self-service daily series used in the recent chart. The current MIMIT page exposes only the latest and previous national value; use update_data.py daily to accumulate future observations.
2026-09-09,2026-09-09,2026-09-09,daily,petrol,Italy national,ordinary road network,self-service,EUR/litre,2.067,1.0213622950819672,0.6729,0.3727377049180328,1.045637704918033,observed/curated,derived from final price + statutory tax schedule,False,False,1,1,MIMIT national daily self-service average — curated chart copy,https://www.mimit.gov.it/it/prezzi-carburanti-media-nazionale,National ordinary-road self-service daily series used in the recent chart. The current MIMIT page exposes only the latest and previous national value; use update_data.py daily to accumulate future observations.
2026-09-10,2026-09-10,2026-09-10,daily,petrol,Italy national,ordinary road network,self-service,EUR/litre,2.077,1.0295590163934425,0.6729,0.3745409836065574,1.0474409836065575,observed/curated,derived from final price + statutory tax schedule,False,False,1,1,MIMIT national daily self-service average — curated chart copy,https://www.mimit.gov.it/it/prezzi-carburanti-media-nazionale,National ordinary-road self-service daily series used in the recent chart. The current MIMIT page exposes only the latest and previous national value; use update_data.py daily to accumulate future observations.
2026-09-11,2026-09-11,2026-09-11,daily,petrol,Italy national,ordinary road network,self-service,EUR/litre,2.086,1.0369360655737703,0.6729,0.37616393442622953,1.0490639344262296,observed/curated,derived from final price + statutory tax schedule,False,False,1,1,MIMIT national daily self-service average — curated chart copy,https://www.mimit.gov.it/it/prezzi-carburanti-media-nazionale,National ordinary-road self-service daily series used in the recent chart. The current MIMIT page exposes only the latest and previous national value; use update_data.py daily to accumulate future observations.
2026-09-12,2026-09-12,2026-09-12,daily,petrol,Italy national,ordinary road network,self-service,EUR/litre,2.1,1.0484114754098361,0.6729,0.37868852459016394,1.051588524590164,observed/curated,derived from final price + statutory tax schedule,False,False,1,1,MIMIT national daily self-service average — curated chart copy,https://www.mimit.gov.it/it/prezzi-carburanti-media-nazionale,National ordinary-road self-service daily series used in the recent chart. The current MIMIT page exposes only the latest and previous national value; use update_data.py daily to accumulate future observations.
2026-09-13,2026-09-13,2026-09-13,daily,petrol,Italy national,ordinary road network,self-service,EUR/litre,2.105,1.0525098360655738,0.6729,0.37959016393442624,1.0524901639344262,observed/curated,derived from final price + statutory tax schedule,False,False,1,1,MIMIT national daily self-service average — curated chart copy,https://www.mimit.gov.it/it/prezzi-carburanti-media-nazionale,National ordinary-road self-service daily series used in the recent chart. The current MIMIT page exposes only the latest and previous national value; use update_data.py daily to accumulate future observations.
2026-09-14,2026-09-14,2026-09-14,daily,petrol,Italy national,ordinary road network,self-service,EUR/litre,2.107,1.0541491803278689,0.6729,0.37995081967213123,1.0528508196721313,observed/curated,derived from final price + statutory tax schedule,False,False,1,1,MIMIT national daily self-service average — curated chart copy,https://www.mimit.gov.it/it/prezzi-carburanti-media-nazionale,National ordinary-road self-service daily series used in the recent chart. The current MIMIT page exposes only the latest and previous national value; use update_data.py daily to accumulate future observations.
2026-09-15,2026-09-15,2026-09-15,daily,petrol,Italy national,ordinary road network,self-service,EUR/litre,2.12,1.0648049180327868,0.6729,0.3822950819672132,1.0551950819672133,observed/curated,derived from final price + statutory tax schedule,False,False,1,1,MIMIT national daily self-service average — curated chart copy,https://www.mimit.gov.it/it/prezzi-carburanti-media-nazionale,National ordinary-road self-service daily series used in the recent chart. The current MIMIT page exposes only the latest and previous national value; use update_data.py daily to accumulate future observations.
2026-09-16,2026-09-16,2026-09-16,daily,petrol,Italy national,ordinary road network,self-service,EUR/litre,2.132,1.0746409836065574,0.6729,0.38445901639344265,1.0573590163934428,observed/curated,derived from final price + statutory tax schedule,False,False,1,1,MIMIT national daily self-service average — curated chart copy,https://www.mimit.gov.it/it/prezzi-carburanti-media-nazionale,National ordinary-road self-service daily series used in the recent chart. The current MIMIT page exposes only the latest and previous national value; use update_data.py daily to accumulate future observations.
2026-09-17,2026-09-17,2026-09-17,daily,petrol,Italy national,ordinary road network,self-service,EUR/litre,2.143,1.0836573770491802,0.6729,0.3864426229508196,1.0593426229508196,observed/curated,derived from final price + statutory tax schedule,False,False,1,1,MIMIT national daily self-service average — curated chart copy,https://www.mimit.gov.it/it/prezzi-carburanti-media-nazionale,National ordinary-road self-service daily series used in the recent chart. The current MIMIT page exposes only the latest and previous national value; use update_data.py daily to accumulate future observations.
2026-09-18,2026-09-18,2026-09-18,daily,petrol,Italy national,ordinary road network,self-service,EUR/litre,2.149,1.0885754098360656,0.6729,0.3875245901639345,1.0604245901639344,observed/curated,derived from final price + statutory tax schedule,False,False,1,1,MIMIT national daily self-service average — curated chart copy,https://www.mimit.gov.it/it/prezzi-carburanti-media-nazionale,National ordinary-road self-service daily series used in the recent chart. The current MIMIT page exposes only the latest and previous national value; use update_data.py daily to accumulate future observations.
2000-01-01,2000-01-01,2000-01-31,monthly,petrol,Italy national,national statistical series,self-service,EUR/litre,1.008,0.29815999999999987,0.5418400000000001,0.16800000000000007,0.7098400000000001,observed/curated,derived from final price + statutory tax schedule,False,False,31,31,MASE monthly fuel-price series — curated chart copy,https://sisen.mase.gov.it/dgsaie/open-data,"Final price follows the monthly series used for the charts. Components are reconstructed from final price, VAT rules and the statutory excise schedule. Use update_data.py to import a freshly downloaded official MASE CSV."
2000-02-01,2000-02-01,2000-02-29,monthly,petrol,Italy national,national statistical series,self-service,EUR/litre,1.021,0.3089933333333331,0.5418400000000001,0.1701666666666667,0.7120066666666668,observed/curated,derived from final price + statutory tax schedule,False,False,29,29,MASE monthly fuel-price series — curated chart copy,https://sisen.mase.gov.it/dgsaie/open-data,"Final price follows the monthly series used for the charts. Components are reconstructed from final price, VAT rules and the statutory excise schedule. Use update_data.py to import a freshly downloaded official MASE CSV."
2000-03-01,2000-03-01,2000-03-31,monthly,petrol,Italy national,national statistical series,self-service,EUR/litre,1.059,0.34065999999999974,0.5418400000000001,0.17650000000000007,0.7183400000000002,observed/curated,derived from final price + statutory tax schedule,False,False,31,31,MASE monthly fuel-price series — curated chart copy,https://sisen.mase.gov.it/dgsaie/open-data,"Final price follows the monthly series used for the charts. Components are reconstructed from final price, VAT rules and the statutory excise schedule. Use update_data.py to import a freshly downloaded official MASE CSV."
2000-04-01,2000-04-01,2000-04-30,monthly,petrol,Italy national,national statistical series,self-service,EUR/litre,1.047,0.3306599999999998,0.5418400000000001,0.17450000000000004,0.7163400000000002,observed/curated,derived from final price + statutory tax schedule,False,False,30,30,MASE monthly fuel-price series — curated chart copy,https://sisen.mase.gov.it/dgsaie/open-data,"Final price follows the monthly series used for the charts. Components are reconstructed from final price, VAT rules and the statutory excise schedule. Use update_data.py to import a freshly downloaded official MASE CSV."
2000-05-01,2000-05-01,2000-05-31,monthly,petrol,Italy national,national statistical series,self-service,EUR/litre,1.066,0.3464933333333332,0.5418400000000001,0.17766666666666675,0.7195066666666668,observed/curated,derived from final price + statutory tax schedule,False,False,31,31,MASE monthly fuel-price series — curated chart copy,https://sisen.mase.gov.it/dgsaie/open-data,"Final price follows the monthly series used for the charts. Components are reconstructed from final price, VAT rules and the statutory excise schedule. Use update_data.py to import a freshly downloaded official MASE CSV."
2000-06-01,2000-06-01,2000-06-30,monthly,petrol,Italy national,national statistical series,self-service,EUR/litre,1.107,0.38065999999999983,0.5418400000000001,0.18450000000000005,0.7263400000000002,observed/curated,derived from final price + statutory tax schedule,False,False,30,30,MASE monthly fuel-price series — curated chart copy,https://sisen.mase.gov.it/dgsaie/open-data,"Final price follows the monthly series used for the charts. Components are reconstructed from final price, VAT rules and the statutory excise schedule. Use update_data.py to import a freshly downloaded official MASE CSV."
2000-07-01,2000-07-01,2000-07-31,monthly,petrol,Italy national,national statistical series,self-service,EUR/litre,1.118,0.38982666666666654,0.5418400000000001,0.18633333333333343,0.7281733333333336,observed/curated,derived from final price + statutory tax schedule,False,False,31,31,MASE monthly fuel-price series — curated chart copy,https://sisen.mase.gov.it/dgsaie/open-data,"Final price follows the monthly series used for the charts. Components are reconstructed from final price, VAT rules and the statutory excise schedule. Use update_data.py to import a freshly downloaded official MASE CSV."
2000-08-01,2000-08-01,2000-08-31,monthly,petrol,Italy national,national statistical series,self-service,EUR/litre,1.1,0.37482666666666653,0.5418400000000001,0.18333333333333343,0.7251733333333336,observed/curated,derived from final price + statutory tax schedule,False,False,31,31,MASE monthly fuel-price series — curated chart copy,https://sisen.mase.gov.it/dgsaie/open-data,"Final price follows the monthly series used for the charts. Components are reconstructed from final price, VAT rules and the statutory excise schedule. Use update_data.py to import a freshly downloaded official MASE CSV."
2000-09-01,2000-09-01,2000-09-30,monthly,petrol,Italy national,national statistical series,self-service,EUR/litre,1.118,0.3898266666666666,0.5418400000000001,0.1863333333333334,0.7281733333333336,observed/curated,derived from final price + statutory tax schedule,False,False,30,30,MASE monthly fuel-price series — curated chart copy,https://sisen.mase.gov.it/dgsaie/open-data,"Final price follows the monthly series used for the charts. Components are reconstructed from final price, VAT rules and the statutory excise schedule. Use update_data.py to import a freshly downloaded official MASE CSV."
2000-10-01,2000-10-01,2000-10-31,monthly,petrol,Italy national,national statistical series,self-service,EUR/litre,1.115,0.3873266666666665,0.5418400000000001,0.1858333333333334,0.7276733333333335,observed/curated,derived from final price + statutory tax schedule,False,False,31,31,MASE monthly fuel-price series — curated chart copy,https://sisen.mase.gov.it/dgsaie/open-data,"Final price follows the monthly series used for the charts. Components are reconstructed from final price, VAT rules and the statutory excise schedule. Use update_data.py to import a freshly downloaded official MASE CSV."
2000-11-01,2000-11-01,2000-11-30,monthly,petrol,Italy national,national statistical series,self-service,EUR/litre,1.117,0.3889933333333332,0.5418400000000001,0.18616666666666673,0.7280066666666668,observed/curated,derived from final price + statutory tax schedule,False,False,30,30,MASE monthly fuel-price series — curated chart copy,https://sisen.mase.gov.it/dgsaie/open-data,"Final price follows the monthly series used for the charts. Components are reconstructed from final price, VAT rules and the statutory excise schedule. Use update_data.py to import a freshly downloaded official MASE CSV."
2000-12-01,2000-12-01,2000-12-31,monthly,petrol,Italy national,national statistical series,self-service,EUR/litre,1.091,0.36732666666666647,0.5418400000000001,0.1818333333333334,0.7236733333333335,observed/curated,derived from final price + statutory tax schedule,False,False,31,31,MASE monthly fuel-price series — curated chart copy,https://sisen.mase.gov.it/dgsaie/open-data,"Final price follows the monthly series used for the charts. Components are reconstructed from final price, VAT rules and the statutory excise schedule. Use update_data.py to import a freshly downloaded official MASE CSV."
2001-01-01,2001-01-01,2001-01-31,monthly,petrol,Italy national,national statistical series,self-service,EUR/litre,1.047,0.33065999999999973,0.5418400000000001,0.17450000000000007,0.7163400000000002,observed/curated,derived from final price + statutory tax schedule,False,False,31,31,MASE monthly fuel-price series — curated chart copy,https://sisen.mase.gov.it/dgsaie/open-data,"Final price follows the monthly series used for the charts. Components are reconstructed from final price, VAT rules and the statutory excise schedule. Use update_data.py to import a freshly downloaded official MASE CSV."
2001-02-01,2001-02-01,2001-02-28,monthly,petrol,Italy national,national statistical series,self-service,EUR/litre,1.049,0.33232666666666655,0.54184,0.17483333333333337,0.7166733333333334,observed/curated,derived from final price + statutory tax schedule,False,False,28,28,MASE monthly fuel-price series — curated chart copy,https://sisen.mase.gov.it/dgsaie/open-data,"Final price follows the monthly series used for the charts. Components are reconstructed from final price, VAT rules and the statutory excise schedule. Use update_data.py to import a freshly downloaded official MASE CSV."
2001-03-01,2001-03-01,2001-03-31,monthly,petrol,Italy national,national statistical series,self-service,EUR/litre,1.052,0.3348266666666665,0.5418400000000001,0.17533333333333342,0.7171733333333336,observed/curated,derived from final price + statutory tax schedule,False,False,31,31,MASE monthly fuel-price series — curated chart copy,https://sisen.mase.gov.it/dgsaie/open-data,"Final price follows the monthly series used for the charts. Components are reconstructed from final price, VAT rules and the statutory excise schedule. Use update_data.py to import a freshly downloaded official MASE CSV."
2001-04-01,2001-04-01,2001-04-30,monthly,petrol,Italy national,national statistical series,self-service,EUR/litre,1.071,0.3506599999999998,0.5418400000000001,0.17850000000000005,0.7203400000000002,observed/curated,derived from final price + statutory tax schedule,False,False,30,30,MASE monthly fuel-price series — curated chart copy,https://sisen.mase.gov.it/dgsaie/open-data,"Final price follows the monthly series used for the charts. Components are reconstructed from final price, VAT rules and the statutory excise schedule. Use update_data.py to import a freshly downloaded official MASE CSV."
2001-05-01,2001-05-01,2001-05-31,monthly,petrol,Italy national,national statistical series,self-service,EUR/litre,1.112,0.38482666666666654,0.5418400000000001,0.18533333333333343,0.7271733333333336,observed/curated,derived from final price + statutory tax schedule,False,False,31,31,MASE monthly fuel-price series — curated chart copy,https://sisen.mase.gov.it/dgsaie/open-data,"Final price follows the monthly series used for the charts. Components are reconstructed from final price, VAT rules and the statutory excise schedule. Use update_data.py to import a freshly downloaded official MASE CSV."
2001-06-01,2001-06-01,2001-06-30,monthly,petrol,Italy national,national statistical series,self-service,EUR/litre,1.111,0.3839933333333332,0.5418400000000001,0.18516666666666673,0.7270066666666668,observed/curated,derived from final price + statutory tax schedule,False,False,30,30,MASE monthly fuel-price series — curated chart copy,https://sisen.mase.gov.it/dgsaie/open-data,"Final price follows the monthly series used for the charts. Components are reconstructed from final price, VAT rules and the statutory excise schedule. Use update_data.py to import a freshly downloaded official MASE CSV."
2001-07-01,2001-07-01,2001-07-31,monthly,petrol,Italy national,national statistical series,self-service,EUR/litre,1.064,0.3448266666666665,0.5418400000000001,0.17733333333333343,0.7191733333333336,observed/curated,derived from final price + statutory tax schedule,False,False,31,31,MASE monthly fuel-price series — curated chart copy,https://sisen.mase.gov.it/dgsaie/open-data,"Final price follows the monthly series used for the charts. Components are reconstructed from final price, VAT rules and the statutory excise schedule. Use update_data.py to import a freshly downloaded official MASE CSV."
2001-08-01,2001-08-01,2001-08-31,monthly,petrol,Italy national,national statistical series,self-service,EUR/litre,1.042,0.3264933333333332,0.5418400000000001,0.17366666666666675,0.7155066666666668,observed/curated,derived from final price + statutory tax schedule,False,False,31,31,MASE monthly fuel-price series — curated chart copy,https://sisen.mase.gov.it/dgsaie/open-data,"Final price follows the monthly series used for the charts. Components are reconstructed from final price, VAT rules and the statutory excise schedule. Use update_data.py to import a freshly downloaded official MASE CSV."
2001-09-01,2001-09-01,2001-09-30,monthly,petrol,Italy national,national statistical series,self-service,EUR/litre,1.05,0.3331599999999999,0.5418400000000001,0.17500000000000004,0.7168400000000001,observed/curated,derived from final price + statutory tax schedule,False,False,30,30,MASE monthly fuel-price series — curated chart copy,https://sisen.mase.gov.it/dgsaie/open-data,"Final price follows the monthly series used for the charts. Components are reconstructed from final price, VAT rules and the statutory excise schedule. Use update_data.py to import a freshly downloaded official MASE CSV."
2001-10-01,2001-10-01,2001-10-31,monthly,petrol,Italy national,national statistical series,self-service,EUR/litre,1.027,0.3139933333333331,0.5418400000000001,0.17116666666666672,0.7130066666666668,observed/curated,derived from final price + statutory tax schedule,False,False,31,31,MASE monthly fuel-price series — curated chart copy,https://sisen.mase.gov.it/dgsaie/open-data,"Final price follows the monthly series used for the charts. Components are reconstructed from final price, VAT rules and the statutory excise schedule. Use update_data.py to import a freshly downloaded official MASE CSV."
2001-11-01,2001-11-01,2001-11-30,monthly,petrol,Italy national,national statistical series,self-service,EUR/litre,1.006,0.29649333333333316,0.5418400000000001,0.1676666666666667,0.7095066666666668,observed/curated,derived from final price + statutory tax schedule,False,False,30,30,MASE monthly fuel-price series — curated chart copy,https://sisen.mase.gov.it/dgsaie/open-data,"Final price follows the monthly series used for the charts. Components are reconstructed from final price, VAT rules and the statutory excise schedule. Use update_data.py to import a freshly downloaded official MASE CSV."
2001-12-01,2001-12-01,2001-12-31,monthly,petrol,Italy national,national statistical series,self-service,EUR/litre,0.993,0.2856599999999998,0.5418400000000001,0.16550000000000006,0.7073400000000002,observed/curated,derived from final price + statutory tax schedule,False,False,31,31,MASE monthly fuel-price series — curated chart copy,https://sisen.mase.gov.it/dgsaie/open-data,"Final price follows the monthly series used for the charts. Components are reconstructed from final price, VAT rules and the statutory excise schedule. Use update_data.py to import a freshly downloaded official MASE CSV."
2002-01-01,2002-01-01,2002-01-31,monthly,petrol,Italy national,national statistical series,self-service,EUR/litre,0.992,0.28482666666666645,0.5418400000000001,0.16533333333333342,0.7071733333333335,observed/curated,derived from final price + statutory tax schedule,False,False,31,31,MASE monthly fuel-price series — curated chart copy,https://sisen.mase.gov.it/dgsaie/open-data,"Final price follows the monthly series used for the charts. Components are reconstructed from final price, VAT rules and the statutory excise schedule. Use update_data.py to import a freshly downloaded official MASE CSV."
2002-02-01,2002-02-01,2002-02-28,monthly,petrol,Italy national,national statistical series,self-service,EUR/litre,1.001,0.2923266666666665,0.54184,0.16683333333333336,0.7086733333333334,observed/curated,derived from final price + statutory tax schedule,False,False,28,28,MASE monthly fuel-price series — curated chart copy,https://sisen.mase.gov.it/dgsaie/open-data,"Final price follows the monthly series used for the charts. Components are reconstructed from final price, VAT rules and the statutory excise schedule. Use update_data.py to import a freshly downloaded official MASE CSV."
2002-03-01,2002-03-01,2002-03-31,monthly,petrol,Italy national,national statistical series,self-service,EUR/litre,1.024,0.3114933333333332,0.5418400000000001,0.17066666666666674,0.7125066666666668,observed/curated,derived from final price + statutory tax schedule,False,False,31,31,MASE monthly fuel-price series — curated chart copy,https://sisen.mase.gov.it/dgsaie/open-data,"Final price follows the monthly series used for the charts. Components are reconstructed from final price, VAT rules and the statutory excise schedule. Use update_data.py to import a freshly downloaded official MASE CSV."
2002-04-01,2002-04-01,2002-04-30,monthly,petrol,Italy national,national statistical series,self-service,EUR/litre,1.063,0.34399333333333315,0.5418400000000001,0.1771666666666667,0.7190066666666668,observed/curated,derived from final price + statutory tax schedule,False,False,30,30,MASE monthly fuel-price series — curated chart copy,https://sisen.mase.gov.it/dgsaie/open-data,"Final price follows the monthly series used for the charts. Components are reconstructed from final price, VAT rules and the statutory excise schedule. Use update_data.py to import a freshly downloaded official MASE CSV."
2002-05-01,2002-05-01,2002-05-31,monthly,petrol,Italy national,national statistical series,self-service,EUR/litre,1.072,0.3514933333333332,0.5418400000000001,0.17866666666666675,0.7205066666666669,observed/curated,derived from final price + statutory tax schedule,False,False,31,31,MASE monthly fuel-price series — curated chart copy,https://sisen.mase.gov.it/dgsaie/open-data,"Final price follows the monthly series used for the charts. Components are reconstructed from final price, VAT rules and the statutory excise schedule. Use update_data.py to import a freshly downloaded official MASE CSV."
2002-06-01,2002-06-01,2002-06-30,monthly,petrol,Italy national,national statistical series,self-service,EUR/litre,1.061,0.34232666666666645,0.5418400000000001,0.17683333333333337,0.7186733333333335,observed/curated,derived from final price + statutory tax schedule,False,False,30,30,MASE monthly fuel-price series — curated chart copy,https://sisen.mase.gov.it/dgsaie/open-data,"Final price follows the monthly series used for the charts. Components are reconstructed from final price, VAT rules and the statutory excise schedule. Use update_data.py to import a freshly downloaded official MASE CSV."
2002-07-01,2002-07-01,2002-07-31,monthly,petrol,Italy national,national statistical series,self-service,EUR/litre,1.052,0.3348266666666665,0.5418400000000001,0.17533333333333342,0.7171733333333336,observed/curated,derived from final price + statutory tax schedule,False,False,31,31,MASE monthly fuel-price series — curated chart copy,https://sisen.mase.gov.it/dgsaie/open-data,"Final price follows the monthly series used for the charts. Components are reconstructed from final price, VAT rules and the statutory excise schedule. Use update_data.py to import a freshly downloaded official MASE CSV."
2002-08-01,2002-08-01,2002-08-31,monthly,petrol,Italy national,national statistical series,self-service,EUR/litre,1.053,0.33565999999999974,0.5418400000000001,0.17550000000000007,0.7173400000000002,observed/curated,derived from final price + statutory tax schedule,False,False,31,31,MASE monthly fuel-price series — curated chart copy,https://sisen.mase.gov.it/dgsaie/open-data,"Final price follows the monthly series used for the charts. Components are reconstructed from final price, VAT rules and the statutory excise schedule. Use update_data.py to import a freshly downloaded official MASE CSV."
2002-09-01,2002-09-01,2002-09-30,monthly,petrol,Italy national,national statistical series,self-service,EUR/litre,1.062,0.3431599999999999,0.5418400000000001,0.17700000000000005,0.7188400000000001,observed/curated,derived from final price + statutory tax schedule,False,False,30,30,MASE monthly fuel-price series — curated chart copy,https://sisen.mase.gov.it/dgsaie/open-data,"Final price follows the monthly series used for the charts. Components are reconstructed from final price, VAT rules and the statutory excise schedule. Use update_data.py to import a freshly downloaded official MASE CSV."
2002-10-01,2002-10-01,2002-10-31,monthly,petrol,Italy national,national statistical series,self-service,EUR/litre,1.068,0.34815999999999986,0.5418400000000001,0.1780000000000001,0.7198400000000003,observed/curated,derived from final price + statutory tax schedule,False,False,31,31,MASE monthly fuel-price series — curated chart copy,https://sisen.mase.gov.it/dgsaie/open-data,"Final price follows the monthly series used for the charts. Components are reconstructed from final price, VAT rules and the statutory excise schedule. Use update_data.py to import a freshly downloaded official MASE CSV."
2002-11-01,2002-11-01,2002-11-30,monthly,petrol,Italy national,national statistical series,self-service,EUR/litre,1.053,0.3356599999999998,0.5418400000000001,0.17550000000000004,0.7173400000000001,observed/curated,derived from final price + statutory tax schedule,False,False,30,30,MASE monthly fuel-price series — curated chart copy,https://sisen.mase.gov.it/dgsaie/open-data,"Final price follows the monthly series used for the charts. Components are reconstructed from final price, VAT rules and the statutory excise schedule. Use update_data.py to import a freshly downloaded official MASE CSV."
2002-12-01,2002-12-01,2002-12-31,monthly,petrol,Italy national,national statistical series,self-service,EUR/litre,1.046,0.3298266666666665,0.5418400000000001,0.17433333333333342,0.7161733333333336,observed/curated,derived from final price + statutory tax schedule,False,False,31,31,MASE monthly fuel-price series — curated chart copy,https://sisen.mase.gov.it/dgsaie/open-data,"Final price follows the monthly series used for the charts. Components are reconstructed from final price, VAT rules and the statutory excise schedule. Use update_data.py to import a freshly downloaded official MASE CSV."
2003-01-01,2003-01-01,2003-01-31,monthly,petrol,Italy national,national statistical series,self-service,EUR/litre,1.069,0.3489933333333331,0.5418400000000001,0.17816666666666675,0.7200066666666669,observed/curated,derived from final price + statutory tax schedule,False,False,31,31,MASE monthly fuel-price series — curated chart copy,https://sisen.mase.gov.it/dgsaie/open-data,"Final price follows the monthly series used for the charts. Components are reconstructed from final price, VAT rules and the statutory excise schedule. Use update_data.py to import a freshly downloaded official MASE CSV."
2003-02-01,2003-02-01,2003-02-28,monthly,petrol,Italy national,national statistical series,self-service,EUR/litre,1.088,0.3648266666666667,0.54184,0.1813333333333334,0.7231733333333334,observed/curated,derived from final price + statutory tax schedule,False,False,28,28,MASE monthly fuel-price series — curated chart copy,https://sisen.mase.gov.it/dgsaie/open-data,"Final price follows the monthly series used for the charts. Components are reconstructed from final price, VAT rules and the statutory excise schedule. Use update_data.py to import a freshly downloaded official MASE CSV."
2003-03-01,2003-03-01,2003-03-31,monthly,petrol,Italy national,national statistical series,self-service,EUR/litre,1.095,0.37065999999999977,0.5418400000000001,0.18250000000000008,0.7243400000000002,observed/curated,derived from final price + statutory tax schedule,False,False,31,31,MASE monthly fuel-price series — curated chart copy,https://sisen.mase.gov.it/dgsaie/open-data,"Final price follows the monthly series used for the charts. Components are reconstructed from final price, VAT rules and the statutory excise schedule. Use update_data.py to import a freshly downloaded official MASE CSV."
2003-04-01,2003-04-01,2003-04-30,monthly,petrol,Italy national,national statistical series,self-service,EUR/litre,1.065,0.3456599999999998,0.5418400000000001,0.17750000000000005,0.7193400000000001,observed/curated,derived from final price + statutory tax schedule,False,False,30,30,MASE monthly fuel-price series — curated chart copy,https://sisen.mase.gov.it/dgsaie/open-data,"Final price follows the monthly series used for the charts. Components are reconstructed from final price, VAT rules and the statutory excise schedule. Use update_data.py to import a freshly downloaded official MASE CSV."
2003-05-01,2003-05-01,2003-05-31,monthly,petrol,Italy national,national statistical series,self-service,EUR/litre,1.04,0.3248266666666665,0.5418400000000001,0.17333333333333342,0.7151733333333335,observed/curated,derived from final price + statutory tax schedule,False,False,31,31,MASE monthly fuel-price series — curated chart copy,https://sisen.mase.gov.it/dgsaie/open-data,"Final price follows the monthly series used for the charts. Components are reconstructed from final price, VAT rules and the statutory excise schedule. Use update_data.py to import a freshly downloaded official MASE CSV."
2003-06-01,2003-06-01,2003-06-30,monthly,petrol,Italy national,national statistical series,self-service,EUR/litre,1.032,0.3181599999999999,0.5418400000000001,0.17200000000000004,0.7138400000000001,observed/curated,derived from final price + statutory tax schedule,False,False,30,30,MASE monthly fuel-price series — curated chart copy,https://sisen.mase.gov.it/dgsaie/open-data,"Final price follows the monthly series used for the charts. Components are reconstructed from final price, VAT rules and the statutory excise schedule. Use update_data.py to import a freshly downloaded official MASE CSV."
2003-07-01,2003-07-01,2003-07-31,monthly,petrol,Italy national,national statistical series,self-service,EUR/litre,1.045,0.32899333333333314,0.5418400000000001,0.17416666666666672,0.7160066666666668,observed/curated,derived from final price + statutory tax schedule,False,False,31,31,MASE monthly fuel-price series — curated chart copy,https://sisen.mase.gov.it/dgsaie/open-data,"Final price follows the monthly series used for the charts. Components are reconstructed from final price, VAT rules and the statutory excise schedule. Use update_data.py to import a freshly downloaded official MASE CSV."
2003-08-01,2003-08-01,2003-08-31,monthly,petrol,Italy national,national statistical series,self-service,EUR/litre,1.066,0.3464933333333332,0.5418400000000001,0.17766666666666675,0.7195066666666668,observed/curated,derived from final price + statutory tax schedule,False,False,31,31,MASE monthly fuel-price series — curated chart copy,https://sisen.mase.gov.it/dgsaie/open-data,"Final price follows the monthly series used for the charts. Components are reconstructed from final price, VAT rules and the statutory excise schedule. Use update_data.py to import a freshly downloaded official MASE CSV."
2003-09-01,2003-09-01,2003-09-30,monthly,petrol,Italy national,national statistical series,self-service,EUR/litre,1.072,0.3514933333333332,0.5418400000000001,0.17866666666666672,0.7205066666666669,observed/curated,derived from final price + statutory tax schedule,False,False,30,30,MASE monthly fuel-price series — curated chart copy,https://sisen.mase.gov.it/dgsaie/open-data,"Final price follows the monthly series used for the charts. Components are reconstructed from final price, VAT rules and the statutory excise schedule. Use update_data.py to import a freshly downloaded official MASE CSV."
2003-10-01,2003-10-01,2003-10-31,monthly,petrol,Italy national,national statistical series,self-service,EUR/litre,1.044,0.3281599999999999,0.5418400000000001,0.17400000000000007,0.7158400000000001,observed/curated,derived from final price + statutory tax schedule,False,False,31,31,MASE monthly fuel-price series — curated chart copy,https://sisen.mase.gov.it/dgsaie/open-data,"Final price follows the monthly series used for the charts. Components are reconstructed from final price, VAT rules and the statutory excise schedule. Use update_data.py to import a freshly downloaded official MASE CSV."
2003-11-01,2003-11-01,2003-11-30,monthly,petrol,Italy national,national statistical series,self-service,EUR/litre,1.043,0.32732666666666643,0.5418400000000001,0.17383333333333337,0.7156733333333335,observed/curated,derived from final price + statutory tax schedule,False,False,30,30,MASE monthly fuel-price series — curated chart copy,https://sisen.mase.gov.it/dgsaie/open-data,"Final price follows the monthly series used for the charts. Components are reconstructed from final price, VAT rules and the statutory excise schedule. Use update_data.py to import a freshly downloaded official MASE CSV."
2003-12-01,2003-12-01,2003-12-31,monthly,petrol,Italy national,national statistical series,self-service,EUR/litre,1.037,0.3207008602150535,0.543465806451613,0.1728333333333334,0.7162991397849464,observed/curated,derived from final price + statutory tax schedule,False,False,31,31,MASE monthly fuel-price series — curated chart copy,https://sisen.mase.gov.it/dgsaie/open-data,"Final price follows the monthly series used for the charts. Components are reconstructed from final price, VAT rules and the statutory excise schedule. Use update_data.py to import a freshly downloaded official MASE CSV."
2004-01-01,2004-01-01,2004-01-31,monthly,petrol,Italy national,national statistical series,self-service,EUR/litre,1.047,0.3138599999999997,0.5586400000000001,0.17450000000000007,0.7331400000000002,observed/curated,derived from final price + statutory tax schedule,False,False,31,31,MASE monthly fuel-price series — curated chart copy,https://sisen.mase.gov.it/dgsaie/open-data,"Final price follows the monthly series used for the charts. Components are reconstructed from final price, VAT rules and the statutory excise schedule. Use update_data.py to import a freshly downloaded official MASE CSV."
2004-02-01,2004-02-01,2004-02-29,monthly,petrol,Italy national,national statistical series,self-service,EUR/litre,1.063,0.3271933333333331,0.5586400000000001,0.1771666666666667,0.7358066666666668,observed/curated,derived from final price + statutory tax schedule,False,False,29,29,MASE monthly fuel-price series — curated chart copy,https://sisen.mase.gov.it/dgsaie/open-data,"Final price follows the monthly series used for the charts. Components are reconstructed from final price, VAT rules and the statutory excise schedule. Use update_data.py to import a freshly downloaded official MASE CSV."
2004-03-01,2004-03-01,2004-03-31,monthly,petrol,Italy national,national statistical series,self-service,EUR/litre,1.082,0.3430266666666665,0.5586400000000001,0.18033333333333343,0.7389733333333336,observed/curated,derived from final price + statutory tax schedule,False,False,31,31,MASE monthly fuel-price series — curated chart copy,https://sisen.mase.gov.it/dgsaie/open-data,"Final price follows the monthly series used for the charts. Components are reconstructed from final price, VAT rules and the statutory excise schedule. Use update_data.py to import a freshly downloaded official MASE CSV."
2004-04-01,2004-04-01,2004-04-30,monthly,petrol,Italy national,national statistical series,self-service,EUR/litre,1.097,0.35552666666666644,0.5586400000000001,0.18283333333333338,0.7414733333333335,observed/curated,derived from final price + statutory tax schedule,False,False,30,30,MASE monthly fuel-price series — curated chart copy,https://sisen.mase.gov.it/dgsaie/open-data,"Final price follows the monthly series used for the charts. Components are reconstructed from final price, VAT rules and the statutory excise schedule. Use update_data.py to import a freshly downloaded official MASE CSV."
2004-05-01,2004-05-01,2004-05-31,monthly,petrol,Italy national,national statistical series,self-service,EUR/litre,1.131,0.38385999999999976,0.5586400000000001,0.18850000000000008,0.7471400000000002,observed/curated,derived from final price + statutory tax schedule,False,False,31,31,MASE monthly fuel-price series — curated chart copy,https://sisen.mase.gov.it/dgsaie/open-data,"Final price follows the monthly series used for the charts. Components are reconstructed from final price, VAT rules and the statutory excise schedule. Use update_data.py to import a freshly downloaded official MASE CSV."
2004-06-01,2004-06-01,2004-06-30,monthly,petrol,Italy national,national statistical series,self-service,EUR/litre,1.148,0.3980266666666664,0.5586400000000001,0.19133333333333338,0.7499733333333335,observed/curated,derived from final price + statutory tax schedule,False,False,30,30,MASE monthly fuel-price series — curated chart copy,https://sisen.mase.gov.it/dgsaie/open-data,"Final price follows the monthly series used for the charts. Components are reconstructed from final price, VAT rules and the statutory excise schedule. Use update_data.py to import a freshly downloaded official MASE CSV."
2004-07-01,2004-07-01,2004-07-31,monthly,petrol,Italy national,national statistical series,self-service,EUR/litre,1.147,0.3971933333333331,0.5586400000000001,0.19116666666666676,0.749806666666667,observed/curated,derived from final price + statutory tax schedule,False,False,31,31,MASE monthly fuel-price series — curated chart copy,https://sisen.mase.gov.it/dgsaie/open-data,"Final price follows the monthly series used for the charts. Components are reconstructed from final price, VAT rules and the statutory excise schedule. Use update_data.py to import a freshly downloaded official MASE CSV."
2004-08-01,2004-08-01,2004-08-31,monthly,petrol,Italy national,national statistical series,self-service,EUR/litre,1.157,0.4055266666666665,0.5586400000000001,0.1928333333333334,0.7514733333333335,observed/curated,derived from final price + statutory tax schedule,False,False,31,31,MASE monthly fuel-price series — curated chart copy,https://sisen.mase.gov.it/dgsaie/open-data,"Final price follows the monthly series used for the charts. Components are reconstructed from final price, VAT rules and the statutory excise schedule. Use update_data.py to import a freshly downloaded official MASE CSV."
2004-09-01,2004-09-01,2004-09-30,monthly,petrol,Italy national,national statistical series,self-service,EUR/litre,1.156,0.40469333333333307,0.5586400000000001,0.1926666666666667,0.7513066666666668,observed/curated,derived from final price + statutory tax schedule,False,False,30,30,MASE monthly fuel-price series — curated chart copy,https://sisen.mase.gov.it/dgsaie/open-data,"Final price follows the monthly series used for the charts. Components are reconstructed from final price, VAT rules and the statutory excise schedule. Use update_data.py to import a freshly downloaded official MASE CSV."
2004-10-01,2004-10-01,2004-10-31,monthly,petrol,Italy national,national statistical series,self-service,EUR/litre,1.169,0.4155266666666665,0.5586400000000001,0.1948333333333334,0.7534733333333336,observed/curated,derived from final price + statutory tax schedule,False,False,31,31,MASE monthly fuel-price series — curated chart copy,https://sisen.mase.gov.it/dgsaie/open-data,"Final price follows the monthly series used for the charts. Components are reconstructed from final price, VAT rules and the statutory excise schedule. Use update_data.py to import a freshly downloaded official MASE CSV."
2004-11-01,2004-11-01,2004-11-30,monthly,petrol,Italy national,national statistical series,self-service,EUR/litre,1.168,0.4146933333333331,0.5586400000000001,0.1946666666666667,0.7533066666666668,observed/curated,derived from final price + statutory tax schedule,False,False,30,30,MASE monthly fuel-price series — curated chart copy,https://sisen.mase.gov.it/dgsaie/open-data,"Final price follows the monthly series used for the charts. Components are reconstructed from final price, VAT rules and the statutory excise schedule. Use update_data.py to import a freshly downloaded official MASE CSV."
2004-12-01,2004-12-01,2004-12-31,monthly,petrol,Italy national,national statistical series,self-service,EUR/litre,1.133,0.38552666666666646,0.5586400000000001,0.1888333333333334,0.7474733333333335,observed/curated,derived from final price + statutory tax schedule,False,False,31,31,MASE monthly fuel-price series — curated chart copy,https://sisen.mase.gov.it/dgsaie/open-data,"Final price follows the monthly series used for the charts. Components are reconstructed from final price, VAT rules and the statutory excise schedule. Use update_data.py to import a freshly downloaded official MASE CSV."
2005-01-01,2005-01-01,2005-01-31,monthly,petrol,Italy national,national statistical series,self-service,EUR/litre,1.098,0.35635999999999984,0.5586400000000001,0.1830000000000001,0.7416400000000003,observed/curated,derived from final price + statutory tax schedule,False,False,31,31,MASE monthly fuel-price series — curated chart copy,https://sisen.mase.gov.it/dgsaie/open-data,"Final price follows the monthly series used for the charts. Components are reconstructed from final price, VAT rules and the statutory excise schedule. Use update_data.py to import a freshly downloaded official MASE CSV."
2005-02-01,2005-02-01,2005-02-28,monthly,petrol,Italy national,national statistical series,self-service,EUR/litre,1.135,0.38585333333333327,0.55998,0.18916666666666673,0.7491466666666667,observed/curated,derived from final price + statutory tax schedule,False,False,28,28,MASE monthly fuel-price series — curated chart copy,https://sisen.mase.gov.it/dgsaie/open-data,"Final price follows the monthly series used for the charts. Components are reconstructed from final price, VAT rules and the statutory excise schedule. Use update_data.py to import a freshly downloaded official MASE CSV."
2005-03-01,2005-03-01,2005-03-31,monthly,petrol,Italy national,national statistical series,self-service,EUR/litre,1.17,0.4109999999999999,0.564,0.19500000000000006,0.759,observed/curated,derived from final price + statutory tax schedule,False,False,31,31,MASE monthly fuel-price series — curated chart copy,https://sisen.mase.gov.it/dgsaie/open-data,"Final price follows the monthly series used for the charts. Components are reconstructed from final price, VAT rules and the statutory excise schedule. Use update_data.py to import a freshly downloaded official MASE CSV."
2005-04-01,2005-04-01,2005-04-30,monthly,petrol,Italy national,national statistical series,self-service,EUR/litre,1.22,0.45266666666666666,0.564,0.2033333333333334,0.7673333333333333,observed/curated,derived from final price + statutory tax schedule,False,False,30,30,MASE monthly fuel-price series — curated chart copy,https://sisen.mase.gov.it/dgsaie/open-data,"Final price follows the monthly series used for the charts. Components are reconstructed from final price, VAT rules and the statutory excise schedule. Use update_data.py to import a freshly downloaded official MASE CSV."
2005-05-01,2005-05-01,2005-05-31,monthly,petrol,Italy national,national statistical series,self-service,EUR/litre,1.209,0.4435,0.564,0.2015000000000001,0.7655000000000001,observed/curated,derived from final price + statutory tax schedule,False,False,31,31,MASE monthly fuel-price series — curated chart copy,https://sisen.mase.gov.it/dgsaie/open-data,"Final price follows the monthly series used for the charts. Components are reconstructed from final price, VAT rules and the statutory excise schedule. Use update_data.py to import a freshly downloaded official MASE CSV."
2005-06-01,2005-06-01,2005-06-30,monthly,petrol,Italy national,national statistical series,self-service,EUR/litre,1.209,0.44350000000000006,0.564,0.20150000000000007,0.7655000000000001,observed/curated,derived from final price + statutory tax schedule,False,False,30,30,MASE monthly fuel-price series — curated chart copy,https://sisen.mase.gov.it/dgsaie/open-data,"Final price follows the monthly series used for the charts. Components are reconstructed from final price, VAT rules and the statutory excise schedule. Use update_data.py to import a freshly downloaded official MASE CSV."
2005-07-01,2005-07-01,2005-07-31,monthly,petrol,Italy national,national statistical series,self-service,EUR/litre,1.245,0.47350000000000003,0.564,0.2075000000000001,0.7715000000000001,observed/curated,derived from final price + statutory tax schedule,False,False,31,31,MASE monthly fuel-price series — curated chart copy,https://sisen.mase.gov.it/dgsaie/open-data,"Final price follows the monthly series used for the charts. Components are reconstructed from final price, VAT rules and the statutory excise schedule. Use update_data.py to import a freshly downloaded official MASE CSV."
2005-08-01,2005-08-01,2005-08-31,monthly,petrol,Italy national,national statistical series,self-service,EUR/litre,1.256,0.48266666666666663,0.564,0.20933333333333343,0.7733333333333334,observed/curated,derived from final price + statutory tax schedule,False,False,31,31,MASE monthly fuel-price series — curated chart copy,https://sisen.mase.gov.it/dgsaie/open-data,"Final price follows the monthly series used for the charts. Components are reconstructed from final price, VAT rules and the statutory excise schedule. Use update_data.py to import a freshly downloaded official MASE CSV."
2005-09-01,2005-09-01,2005-09-30,monthly,petrol,Italy national,national statistical series,self-service,EUR/litre,1.304,0.5226666666666667,0.564,0.2173333333333334,0.7813333333333333,observed/curated,derived from final price + statutory tax schedule,False,False,30,30,MASE monthly fuel-price series — curated chart copy,https://sisen.mase.gov.it/dgsaie/open-data,"Final price follows the monthly series used for the charts. Components are reconstructed from final price, VAT rules and the statutory excise schedule. Use update_data.py to import a freshly downloaded official MASE CSV."
2005-10-01,2005-10-01,2005-10-31,monthly,petrol,Italy national,national statistical series,self-service,EUR/litre,1.321,0.5368333333333333,0.564,0.22016666666666676,0.7841666666666667,observed/curated,derived from final price + statutory tax schedule,False,False,31,31,MASE monthly fuel-price series — curated chart copy,https://sisen.mase.gov.it/dgsaie/open-data,"Final price follows the monthly series used for the charts. Components are reconstructed from final price, VAT rules and the statutory excise schedule. Use update_data.py to import a freshly downloaded official MASE CSV."
2005-11-01,2005-11-01,2005-11-30,monthly,petrol,Italy national,national statistical series,self-service,EUR/litre,1.244,0.4726666666666667,0.564,0.2073333333333334,0.7713333333333333,observed/curated,derived from final price + statutory tax schedule,False,False,30,30,MASE monthly fuel-price series — curated chart copy,https://sisen.mase.gov.it/dgsaie/open-data,"Final price follows the monthly series used for the charts. Components are reconstructed from final price, VAT rules and the statutory excise schedule. Use update_data.py to import a freshly downloaded official MASE CSV."
2005-12-01,2005-12-01,2005-12-31,monthly,petrol,Italy national,national statistical series,self-service,EUR/litre,1.22,0.4526666666666666,0.564,0.20333333333333342,0.7673333333333334,observed/curated,derived from final price + statutory tax schedule,False,False,31,31,MASE monthly fuel-price series — curated chart copy,https://sisen.mase.gov.it/dgsaie/open-data,"Final price follows the monthly series used for the charts. Components are reconstructed from final price, VAT rules and the statutory excise schedule. Use update_data.py to import a freshly downloaded official MASE CSV."
2006-01-01,2006-01-01,2006-01-31,monthly,petrol,Italy national,national statistical series,self-service,EUR/litre,1.248,0.476,0.564,0.2080000000000001,0.772,observed/curated,derived from final price + statutory tax schedule,False,False,31,31,MASE monthly fuel-price series — curated chart copy,https://sisen.mase.gov.it/dgsaie/open-data,"Final price follows the monthly series used for the charts. Components are reconstructed from final price, VAT rules and the statutory excise schedule. Use update_data.py to import a freshly downloaded official MASE CSV."
2006-02-01,2006-02-01,2006-02-28,monthly,petrol,Italy national,national statistical series,self-service,EUR/litre,1.249,0.47683333333333344,0.564,0.20816666666666675,0.7721666666666667,observed/curated,derived from final price + statutory tax schedule,False,False,28,28,MASE monthly fuel-price series — curated chart copy,https://sisen.mase.gov.it/dgsaie/open-data,"Final price follows the monthly series used for the charts. Components are reconstructed from final price, VAT rules and the statutory excise schedule. Use update_data.py to import a freshly downloaded official MASE CSV."
2006-03-01,2006-03-01,2006-03-31,monthly,petrol,Italy national,national statistical series,self-service,EUR/litre,1.253,0.4801666666666665,0.564,0.2088333333333334,0.7728333333333334,observed/curated,derived from final price + statutory tax schedule,False,False,31,31,MASE monthly fuel-price series — curated chart copy,https://sisen.mase.gov.it/dgsaie/open-data,"Final price follows the monthly series used for the charts. Components are reconstructed from final price, VAT rules and the statutory excise schedule. Use update_data.py to import a freshly downloaded official MASE CSV."
2006-04-01,2006-04-01,2006-04-30,monthly,petrol,Italy national,national statistical series,self-service,EUR/litre,1.299,0.5185,0.564,0.21650000000000005,0.7805,observed/curated,derived from final price + statutory tax schedule,False,False,30,30,MASE monthly fuel-price series — curated chart copy,https://sisen.mase.gov.it/dgsaie/open-data,"Final price follows the monthly series used for the charts. Components are reconstructed from final price, VAT rules and the statutory excise schedule. Use update_data.py to import a freshly downloaded official MASE CSV."
2006-05-01,2006-05-01,2006-05-31,monthly,petrol,Italy national,national statistical series,self-service,EUR/litre,1.341,0.5534999999999999,0.564,0.2235000000000001,0.7875000000000001,observed/curated,derived from final price + statutory tax schedule,False,False,31,31,MASE monthly fuel-price series — curated chart copy,https://sisen.mase.gov.it/dgsaie/open-data,"Final price follows the monthly series used for the charts. Components are reconstructed from final price, VAT rules and the statutory excise schedule. Use update_data.py to import a freshly downloaded official MASE CSV."
2006-06-01,2006-06-01,2006-06-30,monthly,petrol,Italy national,national statistical series,self-service,EUR/litre,1.337,0.5501666666666667,0.564,0.22283333333333338,0.7868333333333333,observed/curated,derived from final price + statutory tax schedule,False,False,30,30,MASE monthly fuel-price series — curated chart copy,https://sisen.mase.gov.it/dgsaie/open-data,"Final price follows the monthly series used for the charts. Components are reconstructed from final price, VAT rules and the statutory excise schedule. Use update_data.py to import a freshly downloaded official MASE CSV."
2006-07-01,2006-07-01,2006-07-31,monthly,petrol,Italy national,national statistical series,self-service,EUR/litre,1.372,0.5793333333333334,0.564,0.2286666666666668,0.7926666666666667,observed/curated,derived from final price + statutory tax schedule,False,False,31,31,MASE monthly fuel-price series — curated chart copy,https://sisen.mase.gov.it/dgsaie/open-data,"Final price follows the monthly series used for the charts. Components are reconstructed from final price, VAT rules and the statutory excise schedule. Use update_data.py to import a freshly downloaded official MASE CSV."
2006-08-01,2006-08-01,2006-08-31,monthly,petrol,Italy national,national statistical series,self-service,EUR/litre,1.375,0.5818333333333333,0.564,0.22916666666666677,0.7931666666666667,observed/curated,derived from final price + statutory tax schedule,False,False,31,31,MASE monthly fuel-price series — curated chart copy,https://sisen.mase.gov.it/dgsaie/open-data,"Final price follows the monthly series used for the charts. Components are reconstructed from final price, VAT rules and the statutory excise schedule. Use update_data.py to import a freshly downloaded official MASE CSV."
2006-09-01,2006-09-01,2006-09-30,monthly,petrol,Italy national,national statistical series,self-service,EUR/litre,1.27,0.49433333333333335,0.564,0.21166666666666673,0.7756666666666667,observed/curated,derived from final price + statutory tax schedule,False,False,30,30,MASE monthly fuel-price series — curated chart copy,https://sisen.mase.gov.it/dgsaie/open-data,"Final price follows the monthly series used for the charts. Components are reconstructed from final price, VAT rules and the statutory excise schedule. Use update_data.py to import a freshly downloaded official MASE CSV."
2006-10-01,2006-10-01,2006-10-31,monthly,petrol,Italy national,national statistical series,self-service,EUR/litre,1.223,0.4551666666666667,0.564,0.20383333333333345,0.7678333333333334,observed/curated,derived from final price + statutory tax schedule,False,False,31,31,MASE monthly fuel-price series — curated chart copy,https://sisen.mase.gov.it/dgsaie/open-data,"Final price follows the monthly series used for the charts. Components are reconstructed from final price, VAT rules and the statutory excise schedule. Use update_data.py to import a freshly downloaded official MASE CSV."
2006-11-01,2006-11-01,2006-11-30,monthly,petrol,Italy national,national statistical series,self-service,EUR/litre,1.22,0.45266666666666666,0.564,0.2033333333333334,0.7673333333333333,observed/curated,derived from final price + statutory tax schedule,False,False,30,30,MASE monthly fuel-price series — curated chart copy,https://sisen.mase.gov.it/dgsaie/open-data,"Final price follows the monthly series used for the charts. Components are reconstructed from final price, VAT rules and the statutory excise schedule. Use update_data.py to import a freshly downloaded official MASE CSV."
2006-12-01,2006-12-01,2006-12-31,monthly,petrol,Italy national,national statistical series,self-service,EUR/litre,1.219,0.45183333333333336,0.564,0.20316666666666677,0.7671666666666668,observed/curated,derived from final price + statutory tax schedule,False,False,31,31,MASE monthly fuel-price series — curated chart copy,https://sisen.mase.gov.it/dgsaie/open-data,"Final price follows the monthly series used for the charts. Components are reconstructed from final price, VAT rules and the statutory excise schedule. Use update_data.py to import a freshly downloaded official MASE CSV."
2007-01-01,2007-01-01,2007-01-31,monthly,petrol,Italy national,national statistical series,self-service,EUR/litre,1.21,0.44433333333333325,0.564,0.20166666666666674,0.7656666666666667,observed/curated,derived from final price + statutory tax schedule,False,False,31,31,MASE monthly fuel-price series — curated chart copy,https://sisen.mase.gov.it/dgsaie/open-data,"Final price follows the monthly series used for the charts. Components are reconstructed from final price, VAT rules and the statutory excise schedule. Use update_data.py to import a freshly downloaded official MASE CSV."
2007-02-01,2007-02-01,2007-02-28,monthly,petrol,Italy national,national statistical series,self-service,EUR/litre,1.202,0.43766666666666665,0.564,0.2003333333333334,0.7643333333333333,observed/curated,derived from final price + statutory tax schedule,False,False,28,28,MASE monthly fuel-price series — curated chart copy,https://sisen.mase.gov.it/dgsaie/open-data,"Final price follows the monthly series used for the charts. Components are reconstructed from final price, VAT rules and the statutory excise schedule. Use update_data.py to import a freshly downloaded official MASE CSV."
2007-03-01,2007-03-01,2007-03-31,monthly,petrol,Italy national,national statistical series,self-service,EUR/litre,1.236,0.46599999999999997,0.564,0.2060000000000001,0.77,observed/curated,derived from final price + statutory tax schedule,False,False,31,31,MASE monthly fuel-price series — curated chart copy,https://sisen.mase.gov.it/dgsaie/open-data,"Final price follows the monthly series used for the charts. Components are reconstructed from final price, VAT rules and the statutory excise schedule. Use update_data.py to import a freshly downloaded official MASE CSV."
2007-04-01,2007-04-01,2007-04-30,monthly,petrol,Italy national,national statistical series,self-service,EUR/litre,1.267,0.49183333333333323,0.564,0.2111666666666667,0.7751666666666667,observed/curated,derived from final price + statutory tax schedule,False,False,30,30,MASE monthly fuel-price series — curated chart copy,https://sisen.mase.gov.it/dgsaie/open-data,"Final price follows the monthly series used for the charts. Components are reconstructed from final price, VAT rules and the statutory excise schedule. Use update_data.py to import a freshly downloaded official MASE CSV."
2007-05-01,2007-05-01,2007-05-31,monthly,petrol,Italy national,national statistical series,self-service,EUR/litre,1.315,0.5318333333333333,0.564,0.21916666666666676,0.7831666666666667,observed/curated,derived from final price + statutory tax schedule,False,False,31,31,MASE monthly fuel-price series — curated chart copy,https://sisen.mase.gov.it/dgsaie/open-data,"Final price follows the monthly series used for the charts. Components are reconstructed from final price, VAT rules and the statutory excise schedule. Use update_data.py to import a freshly downloaded official MASE CSV."
2007-06-01,2007-06-01,2007-06-30,monthly,petrol,Italy national,national statistical series,self-service,EUR/litre,1.346,0.5576666666666668,0.564,0.2243333333333334,0.7883333333333333,observed/curated,derived from final price + statutory tax schedule,False,False,30,30,MASE monthly fuel-price series — curated chart copy,https://sisen.mase.gov.it/dgsaie/open-data,"Final price follows the monthly series used for the charts. Components are reconstructed from final price, VAT rules and the statutory excise schedule. Use update_data.py to import a freshly downloaded official MASE CSV."
2007-07-01,2007-07-01,2007-07-31,monthly,petrol,Italy national,national statistical series,self-service,EUR/litre,1.354,0.5643333333333334,0.564,0.2256666666666668,0.7896666666666667,observed/curated,derived from final price + statutory tax schedule,False,False,31,31,MASE monthly fuel-price series — curated chart copy,https://sisen.mase.gov.it/dgsaie/open-data,"Final price follows the monthly series used for the charts. Components are reconstructed from final price, VAT rules and the statutory excise schedule. Use update_data.py to import a freshly downloaded official MASE CSV."
2007-08-01,2007-08-01,2007-08-31,monthly,petrol,Italy national,national statistical series,self-service,EUR/litre,1.315,0.5318333333333333,0.564,0.21916666666666676,0.7831666666666667,observed/curated,derived from final price + statutory tax schedule,False,False,31,31,MASE monthly fuel-price series — curated chart copy,https://sisen.mase.gov.it/dgsaie/open-data,"Final price follows the monthly series used for the charts. Components are reconstructed from final price, VAT rules and the statutory excise schedule. Use update_data.py to import a freshly downloaded official MASE CSV."
2007-09-01,2007-09-01,2007-09-30,monthly,petrol,Italy national,national statistical series,self-service,EUR/litre,1.306,0.5243333333333333,0.564,0.21766666666666673,0.7816666666666667,observed/curated,derived from final price + statutory tax schedule,False,False,30,30,MASE monthly fuel-price series — curated chart copy,https://sisen.mase.gov.it/dgsaie/open-data,"Final price follows the monthly series used for the charts. Components are reconstructed from final price, VAT rules and the statutory excise schedule. Use update_data.py to import a freshly downloaded official MASE CSV."
2007-10-01,2007-10-01,2007-10-31,monthly,petrol,Italy national,national statistical series,self-service,EUR/litre,1.313,0.5301666666666666,0.564,0.21883333333333344,0.7828333333333334,observed/curated,derived from final price + statutory tax schedule,False,False,31,31,MASE monthly fuel-price series — curated chart copy,https://sisen.mase.gov.it/dgsaie/open-data,"Final price follows the monthly series used for the charts. Components are reconstructed from final price, VAT rules and the statutory excise schedule. Use update_data.py to import a freshly downloaded official MASE CSV."
2007-11-01,2007-11-01,2007-11-30,monthly,petrol,Italy national,national statistical series,self-service,EUR/litre,1.348,0.5593333333333335,0.564,0.22466666666666674,0.7886666666666666,observed/curated,derived from final price + statutory tax schedule,False,False,30,30,MASE monthly fuel-price series — curated chart copy,https://sisen.mase.gov.it/dgsaie/open-data,"Final price follows the monthly series used for the charts. Components are reconstructed from final price, VAT rules and the statutory excise schedule. Use update_data.py to import a freshly downloaded official MASE CSV."
2007-12-01,2007-12-01,2007-12-31,monthly,petrol,Italy national,national statistical series,self-service,EUR/litre,1.361,0.5701666666666666,0.564,0.22683333333333344,0.7908333333333334,observed/curated,derived from final price + statutory tax schedule,False,False,31,31,MASE monthly fuel-price series — curated chart copy,https://sisen.mase.gov.it/dgsaie/open-data,"Final price follows the monthly series used for the charts. Components are reconstructed from final price, VAT rules and the statutory excise schedule. Use update_data.py to import a freshly downloaded official MASE CSV."
2008-01-01,2008-01-01,2008-01-31,monthly,petrol,Italy national,national statistical series,self-service,EUR/litre,1.364,0.5726666666666667,0.564,0.22733333333333344,0.7913333333333334,observed/curated,derived from final price + statutory tax schedule,False,False,31,31,MASE monthly fuel-price series — curated chart copy,https://sisen.mase.gov.it/dgsaie/open-data,"Final price follows the monthly series used for the charts. Components are reconstructed from final price, VAT rules and the statutory excise schedule. Use update_data.py to import a freshly downloaded official MASE CSV."
2008-02-01,2008-02-01,2008-02-29,monthly,petrol,Italy national,national statistical series,self-service,EUR/litre,1.362,0.5710000000000001,0.564,0.2270000000000001,0.791,observed/curated,derived from final price + statutory tax schedule,False,False,29,29,MASE monthly fuel-price series — curated chart copy,https://sisen.mase.gov.it/dgsaie/open-data,"Final price follows the monthly series used for the charts. Components are reconstructed from final price, VAT rules and the statutory excise schedule. Use update_data.py to import a freshly downloaded official MASE CSV."
2008-03-01,2008-03-01,2008-03-31,monthly,petrol,Italy national,national statistical series,self-service,EUR/litre,1.386,0.5909999999999999,0.564,0.2310000000000001,0.795,observed/curated,derived from final price + statutory tax schedule,False,False,31,31,MASE monthly fuel-price series — curated chart copy,https://sisen.mase.gov.it/dgsaie/open-data,"Final price follows the monthly series used for the charts. Components are reconstructed from final price, VAT rules and the statutory excise schedule. Use update_data.py to import a freshly downloaded official MASE CSV."
2008-04-01,2008-04-01,2008-04-30,monthly,petrol,Italy national,national statistical series,self-service,EUR/litre,1.375,0.5818333333333333,0.564,0.22916666666666674,0.7931666666666667,observed/curated,derived from final price + statutory tax schedule,False,False,30,30,MASE monthly fuel-price series — curated chart copy,https://sisen.mase.gov.it/dgsaie/open-data,"Final price follows the monthly series used for the charts. Components are reconstructed from final price, VAT rules and the statutory excise schedule. Use update_data.py to import a freshly downloaded official MASE CSV."
2008-05-01,2008-05-01,2008-05-31,monthly,petrol,Italy national,national statistical series,self-service,EUR/litre,1.455,0.6485,0.564,0.24250000000000013,0.8065000000000001,observed/curated,derived from final price + statutory tax schedule,False,False,31,31,MASE monthly fuel-price series — curated chart copy,https://sisen.mase.gov.it/dgsaie/open-data,"Final price follows the monthly series used for the charts. Components are reconstructed from final price, VAT rules and the statutory excise schedule. Use update_data.py to import a freshly downloaded official MASE CSV."
2008-06-01,2008-06-01,2008-06-30,monthly,petrol,Italy national,national statistical series,self-service,EUR/litre,1.512,0.696,0.564,0.25200000000000006,0.8160000000000001,observed/curated,derived from final price + statutory tax schedule,False,False,30,30,MASE monthly fuel-price series — curated chart copy,https://sisen.mase.gov.it/dgsaie/open-data,"Final price follows the monthly series used for the charts. Components are reconstructed from final price, VAT rules and the statutory excise schedule. Use update_data.py to import a freshly downloaded official MASE CSV."
2008-07-01,2008-07-01,2008-07-31,monthly,petrol,Italy national,national statistical series,self-service,EUR/litre,1.523,0.7051666666666665,0.564,0.2538333333333334,0.8178333333333334,observed/curated,derived from final price + statutory tax schedule,False,False,31,31,MASE monthly fuel-price series — curated chart copy,https://sisen.mase.gov.it/dgsaie/open-data,"Final price follows the monthly series used for the charts. Components are reconstructed from final price, VAT rules and the statutory excise schedule. Use update_data.py to import a freshly downloaded official MASE CSV."
2008-08-01,2008-08-01,2008-08-31,monthly,petrol,Italy national,national statistical series,self-service,EUR/litre,1.458,0.6509999999999999,0.564,0.2430000000000001,0.807,observed/curated,derived from final price + statutory tax schedule,False,False,31,31,MASE monthly fuel-price series — curated chart copy,https://sisen.mase.gov.it/dgsaie/open-data,"Final price follows the monthly series used for the charts. Components are reconstructed from final price, VAT rules and the statutory excise schedule. Use update_data.py to import a freshly downloaded official MASE CSV."
2008-09-01,2008-09-01,2008-09-30,monthly,petrol,Italy national,national statistical series,self-service,EUR/litre,1.436,0.6326666666666666,0.564,0.2393333333333334,0.8033333333333333,observed/curated,derived from final price + statutory tax schedule,False,False,30,30,MASE monthly fuel-price series — curated chart copy,https://sisen.mase.gov.it/dgsaie/open-data,"Final price follows the monthly series used for the charts. Components are reconstructed from final price, VAT rules and the statutory excise schedule. Use update_data.py to import a freshly downloaded official MASE CSV."
2008-10-01,2008-10-01,2008-10-31,monthly,petrol,Italy national,national statistical series,self-service,EUR/litre,1.346,0.5576666666666668,0.564,0.22433333333333344,0.7883333333333333,observed/curated,derived from final price + statutory tax schedule,False,False,31,31,MASE monthly fuel-price series — curated chart copy,https://sisen.mase.gov.it/dgsaie/open-data,"Final price follows the monthly series used for the charts. Components are reconstructed from final price, VAT rules and the statutory excise schedule. Use update_data.py to import a freshly downloaded official MASE CSV."
2008-11-01,2008-11-01,2008-11-30,monthly,petrol,Italy national,national statistical series,self-service,EUR/litre,1.212,0.44599999999999995,0.564,0.20200000000000004,0.766,observed/curated,derived from final price + statutory tax schedule,False,False,30,30,MASE monthly fuel-price series — curated chart copy,https://sisen.mase.gov.it/dgsaie/open-data,"Final price follows the monthly series used for the charts. Components are reconstructed from final price, VAT rules and the statutory excise schedule. Use update_data.py to import a freshly downloaded official MASE CSV."
2008-12-01,2008-12-01,2008-12-31,monthly,petrol,Italy national,national statistical series,self-service,EUR/litre,1.121,0.37016666666666664,0.564,0.1868333333333334,0.7508333333333334,observed/curated,derived from final price + statutory tax schedule,False,False,31,31,MASE monthly fuel-price series — curated chart copy,https://sisen.mase.gov.it/dgsaie/open-data,"Final price follows the monthly series used for the charts. Components are reconstructed from final price, VAT rules and the statutory excise schedule. Use update_data.py to import a freshly downloaded official MASE CSV."
2009-01-01,2009-01-01,2009-01-31,monthly,petrol,Italy national,national statistical series,self-service,EUR/litre,1.114,0.3643333333333334,0.564,0.18566666666666676,0.7496666666666667,observed/curated,derived from final price + statutory tax schedule,False,False,31,31,MASE monthly fuel-price series — curated chart copy,https://sisen.mase.gov.it/dgsaie/open-data,"Final price follows the monthly series used for the charts. Components are reconstructed from final price, VAT rules and the statutory excise schedule. Use update_data.py to import a freshly downloaded official MASE CSV."
2009-02-01,2009-02-01,2009-02-28,monthly,petrol,Italy national,national statistical series,self-service,EUR/litre,1.141,0.38683333333333336,0.564,0.19016666666666673,0.7541666666666667,observed/curated,derived from final price + statutory tax schedule,False,False,28,28,MASE monthly fuel-price series — curated chart copy,https://sisen.mase.gov.it/dgsaie/open-data,"Final price follows the monthly series used for the charts. Components are reconstructed from final price, VAT rules and the statutory excise schedule. Use update_data.py to import a freshly downloaded official MASE CSV."
2009-03-01,2009-03-01,2009-03-31,monthly,petrol,Italy national,national statistical series,self-service,EUR/litre,1.163,0.4051666666666667,0.564,0.1938333333333334,0.7578333333333334,observed/curated,derived from final price + statutory tax schedule,False,False,31,31,MASE monthly fuel-price series — curated chart copy,https://sisen.mase.gov.it/dgsaie/open-data,"Final price follows the monthly series used for the charts. Components are reconstructed from final price, VAT rules and the statutory excise schedule. Use update_data.py to import a freshly downloaded official MASE CSV."
2009-04-01,2009-04-01,2009-04-30,monthly,petrol,Italy national,national statistical series,self-service,EUR/litre,1.185,0.42350000000000004,0.564,0.19750000000000006,0.7615000000000001,observed/curated,derived from final price + statutory tax schedule,False,False,30,30,MASE monthly fuel-price series — curated chart copy,https://sisen.mase.gov.it/dgsaie/open-data,"Final price follows the monthly series used for the charts. Components are reconstructed from final price, VAT rules and the statutory excise schedule. Use update_data.py to import a freshly downloaded official MASE CSV."
2009-05-01,2009-05-01,2009-05-31,monthly,petrol,Italy national,national statistical series,self-service,EUR/litre,1.225,0.45683333333333337,0.564,0.20416666666666677,0.7681666666666667,observed/curated,derived from final price + statutory tax schedule,False,False,31,31,MASE monthly fuel-price series — curated chart copy,https://sisen.mase.gov.it/dgsaie/open-data,"Final price follows the monthly series used for the charts. Components are reconstructed from final price, VAT rules and the statutory excise schedule. Use update_data.py to import a freshly downloaded official MASE CSV."
2009-06-01,2009-06-01,2009-06-30,monthly,petrol,Italy national,national statistical series,self-service,EUR/litre,1.295,0.5151666666666666,0.564,0.21583333333333338,0.7798333333333334,observed/curated,derived from final price + statutory tax schedule,False,False,30,30,MASE monthly fuel-price series — curated chart copy,https://sisen.mase.gov.it/dgsaie/open-data,"Final price follows the monthly series used for the charts. Components are reconstructed from final price, VAT rules and the statutory excise schedule. Use update_data.py to import a freshly downloaded official MASE CSV."
2009-07-01,2009-07-01,2009-07-31,monthly,petrol,Italy national,national statistical series,self-service,EUR/litre,1.271,0.49516666666666653,0.564,0.2118333333333334,0.7758333333333334,observed/curated,derived from final price + statutory tax schedule,False,False,31,31,MASE monthly fuel-price series — curated chart copy,https://sisen.mase.gov.it/dgsaie/open-data,"Final price follows the monthly series used for the charts. Components are reconstructed from final price, VAT rules and the statutory excise schedule. Use update_data.py to import a freshly downloaded official MASE CSV."
2009-08-01,2009-08-01,2009-08-31,monthly,petrol,Italy national,national statistical series,self-service,EUR/litre,1.296,0.516,0.564,0.2160000000000001,0.78,observed/curated,derived from final price + statutory tax schedule,False,False,31,31,MASE monthly fuel-price series — curated chart copy,https://sisen.mase.gov.it/dgsaie/open-data,"Final price follows the monthly series used for the charts. Components are reconstructed from final price, VAT rules and the statutory excise schedule. Use update_data.py to import a freshly downloaded official MASE CSV."
2009-09-01,2009-09-01,2009-09-30,monthly,petrol,Italy national,national statistical series,self-service,EUR/litre,1.271,0.4951666666666666,0.564,0.21183333333333337,0.7758333333333334,observed/curated,derived from final price + statutory tax schedule,False,False,30,30,MASE monthly fuel-price series — curated chart copy,https://sisen.mase.gov.it/dgsaie/open-data,"Final price follows the monthly series used for the charts. Components are reconstructed from final price, VAT rules and the statutory excise schedule. Use update_data.py to import a freshly downloaded official MASE CSV."
2009-10-01,2009-10-01,2009-10-31,monthly,petrol,Italy national,national statistical series,self-service,EUR/litre,1.256,0.48266666666666663,0.564,0.20933333333333343,0.7733333333333334,observed/curated,derived from final price + statutory tax schedule,False,False,31,31,MASE monthly fuel-price series — curated chart copy,https://sisen.mase.gov.it/dgsaie/open-data,"Final price follows the monthly series used for the charts. Components are reconstructed from final price, VAT rules and the statutory excise schedule. Use update_data.py to import a freshly downloaded official MASE CSV."
2009-11-01,2009-11-01,2009-11-30,monthly,petrol,Italy national,national statistical series,self-service,EUR/litre,1.289,0.5101666666666667,0.564,0.21483333333333338,0.7788333333333333,observed/curated,derived from final price + statutory tax schedule,False,False,30,30,MASE monthly fuel-price series — curated chart copy,https://sisen.mase.gov.it/dgsaie/open-data,"Final price follows the monthly series used for the charts. Components are reconstructed from final price, VAT rules and the statutory excise schedule. Use update_data.py to import a freshly downloaded official MASE CSV."
2009-12-01,2009-12-01,2009-12-31,monthly,petrol,Italy national,national statistical series,self-service,EUR/litre,1.274,0.49766666666666665,0.564,0.21233333333333343,0.7763333333333333,observed/curated,derived from final price + statutory tax schedule,False,False,31,31,MASE monthly fuel-price series — curated chart copy,https://sisen.mase.gov.it/dgsaie/open-data,"Final price follows the monthly series used for the charts. Components are reconstructed from final price, VAT rules and the statutory excise schedule. Use update_data.py to import a freshly downloaded official MASE CSV."
2010-01-01,2010-01-01,2010-01-31,monthly,petrol,Italy national,national statistical series,self-service,EUR/litre,1.305,0.5234999999999999,0.564,0.21750000000000008,0.7815000000000001,observed/curated,derived from final price + statutory tax schedule,False,False,31,31,MASE monthly fuel-price series — curated chart copy,https://sisen.mase.gov.it/dgsaie/open-data,"Final price follows the monthly series used for the charts. Components are reconstructed from final price, VAT rules and the statutory excise schedule. Use update_data.py to import a freshly downloaded official MASE CSV."
2010-02-01,2010-02-01,2010-02-28,monthly,petrol,Italy national,national statistical series,self-service,EUR/litre,1.313,0.5301666666666667,0.564,0.21883333333333338,0.7828333333333333,observed/curated,derived from final price + statutory tax schedule,False,False,28,28,MASE monthly fuel-price series — curated chart copy,https://sisen.mase.gov.it/dgsaie/open-data,"Final price follows the monthly series used for the charts. Components are reconstructed from final price, VAT rules and the statutory excise schedule. Use update_data.py to import a freshly downloaded official MASE CSV."
2010-03-01,2010-03-01,2010-03-31,monthly,petrol,Italy national,national statistical series,self-service,EUR/litre,1.358,0.5676666666666668,0.564,0.22633333333333344,0.7903333333333333,observed/curated,derived from final price + statutory tax schedule,False,False,31,31,MASE monthly fuel-price series — curated chart copy,https://sisen.mase.gov.it/dgsaie/open-data,"Final price follows the monthly series used for the charts. Components are reconstructed from final price, VAT rules and the statutory excise schedule. Use update_data.py to import a freshly downloaded official MASE CSV."
2010-04-01,2010-04-01,2010-04-30,monthly,petrol,Italy national,national statistical series,self-service,EUR/litre,1.386,0.591,0.564,0.23100000000000004,0.7949999999999999,observed/curated,derived from final price + statutory tax schedule,False,False,30,30,MASE monthly fuel-price series — curated chart copy,https://sisen.mase.gov.it/dgsaie/open-data,"Final price follows the monthly series used for the charts. Components are reconstructed from final price, VAT rules and the statutory excise schedule. Use update_data.py to import a freshly downloaded official MASE CSV."
2010-05-01,2010-05-01,2010-05-31,monthly,petrol,Italy national,national statistical series,self-service,EUR/litre,1.392,0.5959999999999999,0.564,0.2320000000000001,0.796,observed/curated,derived from final price + statutory tax schedule,False,False,31,31,MASE monthly fuel-price series — curated chart copy,https://sisen.mase.gov.it/dgsaie/open-data,"Final price follows the monthly series used for the charts. Components are reconstructed from final price, VAT rules and the statutory excise schedule. Use update_data.py to import a freshly downloaded official MASE CSV."
2010-06-01,2010-06-01,2010-06-30,monthly,petrol,Italy national,national statistical series,self-service,EUR/litre,1.377,0.5835,0.564,0.22950000000000007,0.7935,observed/curated,derived from final price + statutory tax schedule,False,False,30,30,MASE monthly fuel-price series — curated chart copy,https://sisen.mase.gov.it/dgsaie/open-data,"Final price follows the monthly series used for the charts. Components are reconstructed from final price, VAT rules and the statutory excise schedule. Use update_data.py to import a freshly downloaded official MASE CSV."
2010-07-01,2010-07-01,2010-07-31,monthly,petrol,Italy national,national statistical series,self-service,EUR/litre,1.372,0.5793333333333334,0.564,0.2286666666666668,0.7926666666666667,observed/curated,derived from final price + statutory tax schedule,False,False,31,31,MASE monthly fuel-price series — curated chart copy,https://sisen.mase.gov.it/dgsaie/open-data,"Final price follows the monthly series used for the charts. Components are reconstructed from final price, VAT rules and the statutory excise schedule. Use update_data.py to import a freshly downloaded official MASE CSV."
2010-08-01,2010-08-01,2010-08-31,monthly,petrol,Italy national,national statistical series,self-service,EUR/litre,1.363,0.5718333333333333,0.564,0.22716666666666677,0.7911666666666667,observed/curated,derived from final price + statutory tax schedule,False,False,31,31,MASE monthly fuel-price series — curated chart copy,https://sisen.mase.gov.it/dgsaie/open-data,"Final price follows the monthly series used for the charts. Components are reconstructed from final price, VAT rules and the statutory excise schedule. Use update_data.py to import a freshly downloaded official MASE CSV."
2010-09-01,2010-09-01,2010-09-30,monthly,petrol,Italy national,national statistical series,self-service,EUR/litre,1.355,0.5651666666666666,0.564,0.22583333333333339,0.7898333333333334,observed/curated,derived from final price + statutory tax schedule,False,False,30,30,MASE monthly fuel-price series — curated chart copy,https://sisen.mase.gov.it/dgsaie/open-data,"Final price follows the monthly series used for the charts. Components are reconstructed from final price, VAT rules and the statutory excise schedule. Use update_data.py to import a freshly downloaded official MASE CSV."
2010-10-01,2010-10-01,2010-10-31,monthly,petrol,Italy national,national statistical series,self-service,EUR/litre,1.352,0.5626666666666666,0.564,0.22533333333333344,0.7893333333333334,observed/curated,derived from final price + statutory tax schedule,False,False,31,31,MASE monthly fuel-price series — curated chart copy,https://sisen.mase.gov.it/dgsaie/open-data,"Final price follows the monthly series used for the charts. Components are reconstructed from final price, VAT rules and the statutory excise schedule. Use update_data.py to import a freshly downloaded official MASE CSV."
2010-11-01,2010-11-01,2010-11-30,monthly,petrol,Italy national,national statistical series,self-service,EUR/litre,1.37,0.5776666666666668,0.564,0.22833333333333342,0.7923333333333333,observed/curated,derived from final price + statutory tax schedule,False,False,30,30,MASE monthly fuel-price series — curated chart copy,https://sisen.mase.gov.it/dgsaie/open-data,"Final price follows the monthly series used for the charts. Components are reconstructed from final price, VAT rules and the statutory excise schedule. Use update_data.py to import a freshly downloaded official MASE CSV."
2010-12-01,2010-12-01,2010-12-31,monthly,petrol,Italy national,national statistical series,self-service,EUR/litre,1.412,0.6126666666666666,0.564,0.23533333333333342,0.7993333333333333,observed/curated,derived from final price + statutory tax schedule,False,False,31,31,MASE monthly fuel-price series — curated chart copy,https://sisen.mase.gov.it/dgsaie/open-data,"Final price follows the monthly series used for the charts. Components are reconstructed from final price, VAT rules and the statutory excise schedule. Use update_data.py to import a freshly downloaded official MASE CSV."
2011-01-01,2011-01-01,2011-01-31,monthly,petrol,Italy national,national statistical series,self-service,EUR/litre,1.453,0.6468333333333334,0.564,0.24216666666666678,0.8061666666666667,observed/curated,derived from final price + statutory tax schedule,False,False,31,31,MASE monthly fuel-price series — curated chart copy,https://sisen.mase.gov.it/dgsaie/open-data,"Final price follows the monthly series used for the charts. Components are reconstructed from final price, VAT rules and the statutory excise schedule. Use update_data.py to import a freshly downloaded official MASE CSV."
2011-02-01,2011-02-01,2011-02-28,monthly,petrol,Italy national,national statistical series,self-service,EUR/litre,1.47,0.661,0.564,0.24500000000000005,0.8089999999999999,observed/curated,derived from final price + statutory tax schedule,False,False,28,28,MASE monthly fuel-price series — curated chart copy,https://sisen.mase.gov.it/dgsaie/open-data,"Final price follows the monthly series used for the charts. Components are reconstructed from final price, VAT rules and the statutory excise schedule. Use update_data.py to import a freshly downloaded official MASE CSV."
2011-03-01,2011-03-01,2011-03-31,monthly,petrol,Italy national,national statistical series,self-service,EUR/litre,1.523,0.7051666666666665,0.564,0.2538333333333334,0.8178333333333334,observed/curated,derived from final price + statutory tax schedule,False,False,31,31,MASE monthly fuel-price series — curated chart copy,https://sisen.mase.gov.it/dgsaie/open-data,"Final price follows the monthly series used for the charts. Components are reconstructed from final price, VAT rules and the statutory excise schedule. Use update_data.py to import a freshly downloaded official MASE CSV."
2011-04-01,2011-04-01,2011-04-30,monthly,petrol,Italy national,national statistical series,self-service,EUR/litre,1.542,0.7149166666666666,0.5700833333333334,0.25700000000000006,0.8270833333333334,observed/curated,derived from final price + statutory tax schedule,False,False,30,30,MASE monthly fuel-price series — curated chart copy,https://sisen.mase.gov.it/dgsaie/open-data,"Final price follows the monthly series used for the charts. Components are reconstructed from final price, VAT rules and the statutory excise schedule. Use update_data.py to import a freshly downloaded official MASE CSV."
2011-05-01,2011-05-01,2011-05-31,monthly,petrol,Italy national,national statistical series,self-service,EUR/litre,1.549,0.7195333333333329,0.5713000000000003,0.25816666666666677,0.829466666666667,observed/curated,derived from final price + statutory tax schedule,False,False,31,31,MASE monthly fuel-price series — curated chart copy,https://sisen.mase.gov.it/dgsaie/open-data,"Final price follows the monthly series used for the charts. Components are reconstructed from final price, VAT rules and the statutory excise schedule. Use update_data.py to import a freshly downloaded official MASE CSV."
2011-06-01,2011-06-01,2011-06-30,monthly,petrol,Italy national,national statistical series,self-service,EUR/litre,1.529,0.6988666666666663,0.5753000000000001,0.2548333333333334,0.8301333333333336,observed/curated,derived from final price + statutory tax schedule,False,False,30,30,MASE monthly fuel-price series — curated chart copy,https://sisen.mase.gov.it/dgsaie/open-data,"Final price follows the monthly series used for the charts. Components are reconstructed from final price, VAT rules and the statutory excise schedule. Use update_data.py to import a freshly downloaded official MASE CSV."
2011-07-01,2011-07-01,2011-07-31,monthly,petrol,Italy national,national statistical series,self-service,EUR/litre,1.576,0.7001333333333335,0.6131999999999997,0.26266666666666677,0.8758666666666666,observed/curated,derived from final price + statutory tax schedule,False,False,31,31,MASE monthly fuel-price series — curated chart copy,https://sisen.mase.gov.it/dgsaie/open-data,"Final price follows the monthly series used for the charts. Components are reconstructed from final price, VAT rules and the statutory excise schedule. Use update_data.py to import a freshly downloaded official MASE CSV."
2011-08-01,2011-08-01,2011-08-31,monthly,petrol,Italy national,national statistical series,self-service,EUR/litre,1.586,0.7084666666666668,0.6131999999999997,0.2643333333333335,0.8775333333333333,observed/curated,derived from final price + statutory tax schedule,False,False,31,31,MASE monthly fuel-price series — curated chart copy,https://sisen.mase.gov.it/dgsaie/open-data,"Final price follows the monthly series used for the charts. Components are reconstructed from final price, VAT rules and the statutory excise schedule. Use update_data.py to import a freshly downloaded official MASE CSV."
2011-09-01,2011-09-01,2011-09-30,monthly,petrol,Italy national,national statistical series,self-service,EUR/litre,1.59,0.7066898071625347,0.6131999999999997,0.2701101928374656,0.8833101928374654,observed/curated,derived from final price + statutory tax schedule,False,False,30,30,MASE monthly fuel-price series — curated chart copy,https://sisen.mase.gov.it/dgsaie/open-data,"Final price follows the monthly series used for the charts. Components are reconstructed from final price, VAT rules and the statutory excise schedule. Use update_data.py to import a freshly downloaded official MASE CSV."
2011-10-01,2011-10-01,2011-10-31,monthly,petrol,Italy national,national statistical series,self-service,EUR/litre,1.592,0.7025024793388432,0.6131999999999997,0.2762975206611571,0.8894975206611568,observed/curated,derived from final price + statutory tax schedule,False,False,31,31,MASE monthly fuel-price series — curated chart copy,https://sisen.mase.gov.it/dgsaie/open-data,"Final price follows the monthly series used for the charts. Components are reconstructed from final price, VAT rules and the statutory excise schedule. Use update_data.py to import a freshly downloaded official MASE CSV."
2011-11-01,2011-11-01,2011-11-30,monthly,petrol,Italy national,national statistical series,self-service,EUR/litre,1.592,0.6936024793388431,0.6220999999999999,0.2762975206611571,0.898397520661157,observed/curated,derived from final price + statutory tax schedule,False,False,30,30,MASE monthly fuel-price series — curated chart copy,https://sisen.mase.gov.it/dgsaie/open-data,"Final price follows the monthly series used for the charts. Components are reconstructed from final price, VAT rules and the statutory excise schedule. Use update_data.py to import a freshly downloaded official MASE CSV."
2011-12-01,2011-12-01,2011-12-31,monthly,petrol,Italy national,national statistical series,self-service,EUR/litre,1.655,0.6794589176219674,0.6883096774193549,0.28723140495867777,0.9755410823780326,observed/curated,derived from final price + statutory tax schedule,False,False,31,31,MASE monthly fuel-price series — curated chart copy,https://sisen.mase.gov.it/dgsaie/open-data,"Final price follows the monthly series used for the charts. Components are reconstructed from final price, VAT rules and the statutory excise schedule. Use update_data.py to import a freshly downloaded official MASE CSV."
2012-01-01,2012-01-01,2012-01-31,monthly,petrol,Italy national,national statistical series,self-service,EUR/litre,1.701,0.7015851239669422,0.7042,0.2952148760330579,0.9994148760330579,observed/curated,derived from final price + statutory tax schedule,False,False,31,31,MASE monthly fuel-price series — curated chart copy,https://sisen.mase.gov.it/dgsaie/open-data,"Final price follows the monthly series used for the charts. Components are reconstructed from final price, VAT rules and the statutory excise schedule. Use update_data.py to import a freshly downloaded official MASE CSV."
2012-02-01,2012-02-01,2012-02-29,monthly,petrol,Italy national,national statistical series,self-service,EUR/litre,1.738,0.7321636363636361,0.7042,0.3016363636363637,1.0058363636363636,observed/curated,derived from final price + statutory tax schedule,False,False,29,29,MASE monthly fuel-price series — curated chart copy,https://sisen.mase.gov.it/dgsaie/open-data,"Final price follows the monthly series used for the charts. Components are reconstructed from final price, VAT rules and the statutory excise schedule. Use update_data.py to import a freshly downloaded official MASE CSV."
2012-03-01,2012-03-01,2012-03-31,monthly,petrol,Italy national,national statistical series,self-service,EUR/litre,1.8,0.783403305785124,0.7042,0.3123966942148761,1.016596694214876,observed/curated,derived from final price + statutory tax schedule,False,False,31,31,MASE monthly fuel-price series — curated chart copy,https://sisen.mase.gov.it/dgsaie/open-data,"Final price follows the monthly series used for the charts. Components are reconstructed from final price, VAT rules and the statutory excise schedule. Use update_data.py to import a freshly downloaded official MASE CSV."
2012-04-01,2012-04-01,2012-04-30,monthly,petrol,Italy national,national statistical series,self-service,EUR/litre,1.85,0.8247256198347106,0.7042,0.32107438016528933,1.0252743801652895,observed/curated,derived from final price + statutory tax schedule,False,False,30,30,MASE monthly fuel-price series — curated chart copy,https://sisen.mase.gov.it/dgsaie/open-data,"Final price follows the monthly series used for the charts. Components are reconstructed from final price, VAT rules and the statutory excise schedule. Use update_data.py to import a freshly downloaded official MASE CSV."
2012-05-01,2012-05-01,2012-05-31,monthly,petrol,Italy national,national statistical series,self-service,EUR/litre,1.806,0.7883619834710742,0.7042,0.31343801652892567,1.0176380165289256,observed/curated,derived from final price + statutory tax schedule,False,False,31,31,MASE monthly fuel-price series — curated chart copy,https://sisen.mase.gov.it/dgsaie/open-data,"Final price follows the monthly series used for the charts. Components are reconstructed from final price, VAT rules and the statutory excise schedule. Use update_data.py to import a freshly downloaded official MASE CSV."
2012-06-01,2012-06-01,2012-06-30,monthly,petrol,Italy national,national statistical series,self-service,EUR/litre,1.761,0.7358385674931129,0.7195333333333331,0.30562809917355377,1.025161432506887,observed/curated,derived from final price + statutory tax schedule,False,False,30,30,MASE monthly fuel-price series — curated chart copy,https://sisen.mase.gov.it/dgsaie/open-data,"Final price follows the monthly series used for the charts. Components are reconstructed from final price, VAT rules and the statutory excise schedule. Use update_data.py to import a freshly downloaded official MASE CSV."
2012-07-01,2012-07-01,2012-07-31,monthly,petrol,Italy national,national statistical series,self-service,EUR/litre,1.751,0.7229074380165288,0.7242,0.3038925619834711,1.028092561983471,observed/curated,derived from final price + statutory tax schedule,False,False,31,31,MASE monthly fuel-price series — curated chart copy,https://sisen.mase.gov.it/dgsaie/open-data,"Final price follows the monthly series used for the charts. Components are reconstructed from final price, VAT rules and the statutory excise schedule. Use update_data.py to import a freshly downloaded official MASE CSV."
2012-08-01,2012-08-01,2012-08-31,monthly,petrol,Italy national,national statistical series,self-service,EUR/litre,1.818,0.7754341775526523,0.7270451612903227,0.3155206611570249,1.0425658224473475,observed/curated,derived from final price + statutory tax schedule,False,False,31,31,MASE monthly fuel-price series — curated chart copy,https://sisen.mase.gov.it/dgsaie/open-data,"Final price follows the monthly series used for the charts. Components are reconstructed from final price, VAT rules and the statutory excise schedule. Use update_data.py to import a freshly downloaded official MASE CSV."
2012-09-01,2012-09-01,2012-09-30,monthly,petrol,Italy national,national statistical series,self-service,EUR/litre,1.871,0.817880991735537,0.7284000000000002,0.32471900826446287,1.053119008264463,observed/curated,derived from final price + statutory tax schedule,False,False,30,30,MASE monthly fuel-price series — curated chart copy,https://sisen.mase.gov.it/dgsaie/open-data,"Final price follows the monthly series used for the charts. Components are reconstructed from final price, VAT rules and the statutory excise schedule. Use update_data.py to import a freshly downloaded official MASE CSV."
2012-10-01,2012-10-01,2012-10-31,monthly,petrol,Italy national,national statistical series,self-service,EUR/litre,1.834,0.7873024793388428,0.7284000000000002,0.3182975206611571,1.0466975206611573,observed/curated,derived from final price + statutory tax schedule,False,False,31,31,MASE monthly fuel-price series — curated chart copy,https://sisen.mase.gov.it/dgsaie/open-data,"Final price follows the monthly series used for the charts. Components are reconstructed from final price, VAT rules and the statutory excise schedule. Use update_data.py to import a freshly downloaded official MASE CSV."
2012-11-01,2012-11-01,2012-11-30,monthly,petrol,Italy national,national statistical series,self-service,EUR/litre,1.759,0.7253190082644625,0.7284000000000002,0.30528099173553724,1.0336809917355374,observed/curated,derived from final price + statutory tax schedule,False,False,30,30,MASE monthly fuel-price series — curated chart copy,https://sisen.mase.gov.it/dgsaie/open-data,"Final price follows the monthly series used for the charts. Components are reconstructed from final price, VAT rules and the statutory excise schedule. Use update_data.py to import a freshly downloaded official MASE CSV."
2012-12-01,2012-12-01,2012-12-31,monthly,petrol,Italy national,national statistical series,self-service,EUR/litre,1.746,0.71457520661157,0.7284000000000002,0.3030247933884298,1.03142479338843,observed/curated,derived from final price + statutory tax schedule,False,False,31,31,MASE monthly fuel-price series — curated chart copy,https://sisen.mase.gov.it/dgsaie/open-data,"Final price follows the monthly series used for the charts. Components are reconstructed from final price, VAT rules and the statutory excise schedule. Use update_data.py to import a freshly downloaded official MASE CSV."
2013-01-01,2013-01-01,2013-01-31,monthly,petrol,Italy national,national statistical series,self-service,EUR/litre,1.75,0.717880991735537,0.7284000000000002,0.30371900826446285,1.0321190082644631,observed/curated,derived from final price + statutory tax schedule,False,False,31,31,MASE monthly fuel-price series — curated chart copy,https://sisen.mase.gov.it/dgsaie/open-data,"Final price follows the monthly series used for the charts. Components are reconstructed from final price, VAT rules and the statutory excise schedule. Use update_data.py to import a freshly downloaded official MASE CSV."
2013-02-01,2013-02-01,2013-02-28,monthly,petrol,Italy national,national statistical series,self-service,EUR/litre,1.781,0.7435008264462809,0.7284,0.3090991735537191,1.0374991735537191,observed/curated,derived from final price + statutory tax schedule,False,False,28,28,MASE monthly fuel-price series — curated chart copy,https://sisen.mase.gov.it/dgsaie/open-data,"Final price follows the monthly series used for the charts. Components are reconstructed from final price, VAT rules and the statutory excise schedule. Use update_data.py to import a freshly downloaded official MASE CSV."
2013-03-01,2013-03-01,2013-03-31,monthly,petrol,Italy national,national statistical series,self-service,EUR/litre,1.797,0.7567239669421485,0.7284000000000002,0.3118760330578513,1.0402760330578515,observed/curated,derived from final price + statutory tax schedule,False,False,31,31,MASE monthly fuel-price series — curated chart copy,https://sisen.mase.gov.it/dgsaie/open-data,"Final price follows the monthly series used for the charts. Components are reconstructed from final price, VAT rules and the statutory excise schedule. Use update_data.py to import a freshly downloaded official MASE CSV."
2013-04-01,2013-04-01,2013-04-30,monthly,petrol,Italy national,national statistical series,self-service,EUR/litre,1.754,0.7211867768595039,0.7284000000000002,0.3044132231404959,1.032813223140496,observed/curated,derived from final price + statutory tax schedule,False,False,30,30,MASE monthly fuel-price series — curated chart copy,https://sisen.mase.gov.it/dgsaie/open-data,"Final price follows the monthly series used for the charts. Components are reconstructed from final price, VAT rules and the statutory excise schedule. Use update_data.py to import a freshly downloaded official MASE CSV."
2013-05-01,2013-05-01,2013-05-31,monthly,petrol,Italy national,national statistical series,self-service,EUR/litre,1.716,0.6897818181818179,0.7284000000000002,0.29781818181818187,1.026218181818182,observed/curated,derived from final price + statutory tax schedule,False,False,31,31,MASE monthly fuel-price series — curated chart copy,https://sisen.mase.gov.it/dgsaie/open-data,"Final price follows the monthly series used for the charts. Components are reconstructed from final price, VAT rules and the statutory excise schedule. Use update_data.py to import a freshly downloaded official MASE CSV."
2013-06-01,2013-06-01,2013-06-30,monthly,petrol,Italy national,national statistical series,self-service,EUR/litre,1.734,0.7046578512396692,0.7284000000000002,0.30094214876033065,1.029342148760331,observed/curated,derived from final price + statutory tax schedule,False,False,30,30,MASE monthly fuel-price series — curated chart copy,https://sisen.mase.gov.it/dgsaie/open-data,"Final price follows the monthly series used for the charts. Components are reconstructed from final price, VAT rules and the statutory excise schedule. Use update_data.py to import a freshly downloaded official MASE CSV."
2013-07-01,2013-07-01,2013-07-31,monthly,petrol,Italy national,national statistical series,self-service,EUR/litre,1.754,0.7211867768595039,0.7284000000000002,0.3044132231404959,1.032813223140496,observed/curated,derived from final price + statutory tax schedule,False,False,31,31,MASE monthly fuel-price series — curated chart copy,https://sisen.mase.gov.it/dgsaie/open-data,"Final price follows the monthly series used for the charts. Components are reconstructed from final price, VAT rules and the statutory excise schedule. Use update_data.py to import a freshly downloaded official MASE CSV."
2013-08-01,2013-08-01,2013-08-31,monthly,petrol,Italy national,national statistical series,self-service,EUR/litre,1.768,0.7327570247933882,0.7284000000000002,0.30684297520661163,1.0352429752066117,observed/curated,derived from final price + statutory tax schedule,False,False,31,31,MASE monthly fuel-price series — curated chart copy,https://sisen.mase.gov.it/dgsaie/open-data,"Final price follows the monthly series used for the charts. Components are reconstructed from final price, VAT rules and the statutory excise schedule. Use update_data.py to import a freshly downloaded official MASE CSV."
2013-09-01,2013-09-01,2013-09-30,monthly,petrol,Italy national,national statistical series,self-service,EUR/litre,1.773,0.7368892561983469,0.7284000000000002,0.3077107438016529,1.036110743801653,observed/curated,derived from final price + statutory tax schedule,False,False,30,30,MASE monthly fuel-price series — curated chart copy,https://sisen.mase.gov.it/dgsaie/open-data,"Final price follows the monthly series used for the charts. Components are reconstructed from final price, VAT rules and the statutory excise schedule. Use update_data.py to import a freshly downloaded official MASE CSV."
2013-10-01,2013-10-01,2013-10-31,monthly,petrol,Italy national,national statistical series,self-service,EUR/litre,1.729,0.6888131147540981,0.7284000000000002,0.31178688524590187,1.040186885245902,observed/curated,derived from final price + statutory tax schedule,False,False,31,31,MASE monthly fuel-price series — curated chart copy,https://sisen.mase.gov.it/dgsaie/open-data,"Final price follows the monthly series used for the charts. Components are reconstructed from final price, VAT rules and the statutory excise schedule. Use update_data.py to import a freshly downloaded official MASE CSV."
2013-11-01,2013-11-01,2013-11-30,monthly,petrol,Italy national,national statistical series,self-service,EUR/litre,1.704,0.6683213114754095,0.7284000000000002,0.3072786885245903,1.0356786885245906,observed/curated,derived from final price + statutory tax schedule,False,False,30,30,MASE monthly fuel-price series — curated chart copy,https://sisen.mase.gov.it/dgsaie/open-data,"Final price follows the monthly series used for the charts. Components are reconstructed from final price, VAT rules and the statutory excise schedule. Use update_data.py to import a freshly downloaded official MASE CSV."
2013-12-01,2013-12-01,2013-12-31,monthly,petrol,Italy national,national statistical series,self-service,EUR/litre,1.728,0.6879934426229504,0.7284000000000002,0.3116065573770494,1.0400065573770496,observed/curated,derived from final price + statutory tax schedule,False,False,31,31,MASE monthly fuel-price series — curated chart copy,https://sisen.mase.gov.it/dgsaie/open-data,"Final price follows the monthly series used for the charts. Components are reconstructed from final price, VAT rules and the statutory excise schedule. Use update_data.py to import a freshly downloaded official MASE CSV."
2014-01-01,2014-01-01,2014-01-31,monthly,petrol,Italy national,national statistical series,self-service,EUR/litre,1.723,0.6838950819672128,0.7284000000000002,0.3107049180327871,1.0391049180327872,observed/curated,derived from final price + statutory tax schedule,False,False,31,31,MASE monthly fuel-price series — curated chart copy,https://sisen.mase.gov.it/dgsaie/open-data,"Final price follows the monthly series used for the charts. Components are reconstructed from final price, VAT rules and the statutory excise schedule. Use update_data.py to import a freshly downloaded official MASE CSV."
2014-02-01,2014-02-01,2014-02-28,monthly,petrol,Italy national,national statistical series,self-service,EUR/litre,1.714,0.676518032786885,0.7284,0.30908196721311487,1.037481967213115,observed/curated,derived from final price + statutory tax schedule,False,False,28,28,MASE monthly fuel-price series — curated chart copy,https://sisen.mase.gov.it/dgsaie/open-data,"Final price follows the monthly series used for the charts. Components are reconstructed from final price, VAT rules and the statutory excise schedule. Use update_data.py to import a freshly downloaded official MASE CSV."
2014-03-01,2014-03-01,2014-03-31,monthly,petrol,Italy national,national statistical series,self-service,EUR/litre,1.715,0.674937704918033,0.7307999999999997,0.30926229508196745,1.0400622950819671,observed/curated,derived from final price + statutory tax schedule,False,False,31,31,MASE monthly fuel-price series — curated chart copy,https://sisen.mase.gov.it/dgsaie/open-data,"Final price follows the monthly series used for the charts. Components are reconstructed from final price, VAT rules and the statutory excise schedule. Use update_data.py to import a freshly downloaded official MASE CSV."
2014-04-01,2014-04-01,2014-04-30,monthly,petrol,Italy national,national statistical series,self-service,EUR/litre,1.726,0.6839540983606558,0.7307999999999998,0.3112459016393444,1.0420459016393442,observed/curated,derived from final price + statutory tax schedule,False,False,30,30,MASE monthly fuel-price series — curated chart copy,https://sisen.mase.gov.it/dgsaie/open-data,"Final price follows the monthly series used for the charts. Components are reconstructed from final price, VAT rules and the statutory excise schedule. Use update_data.py to import a freshly downloaded official MASE CSV."
2014-05-01,2014-05-01,2014-05-31,monthly,petrol,Italy national,national statistical series,self-service,EUR/litre,1.738,0.6937901639344264,0.7307999999999997,0.313409836065574,1.0442098360655736,observed/curated,derived from final price + statutory tax schedule,False,False,31,31,MASE monthly fuel-price series — curated chart copy,https://sisen.mase.gov.it/dgsaie/open-data,"Final price follows the monthly series used for the charts. Components are reconstructed from final price, VAT rules and the statutory excise schedule. Use update_data.py to import a freshly downloaded official MASE CSV."
2014-06-01,2014-06-01,2014-06-30,monthly,petrol,Italy national,national statistical series,self-service,EUR/litre,1.744,0.6987081967213116,0.7307999999999998,0.3144918032786887,1.0452918032786884,observed/curated,derived from final price + statutory tax schedule,False,False,30,30,MASE monthly fuel-price series — curated chart copy,https://sisen.mase.gov.it/dgsaie/open-data,"Final price follows the monthly series used for the charts. Components are reconstructed from final price, VAT rules and the statutory excise schedule. Use update_data.py to import a freshly downloaded official MASE CSV."
2014-07-01,2014-07-01,2014-07-31,monthly,petrol,Italy national,national statistical series,self-service,EUR/litre,1.761,0.7126426229508197,0.7307999999999997,0.3175573770491805,1.04835737704918,observed/curated,derived from final price + statutory tax schedule,False,False,31,31,MASE monthly fuel-price series — curated chart copy,https://sisen.mase.gov.it/dgsaie/open-data,"Final price follows the monthly series used for the charts. Components are reconstructed from final price, VAT rules and the statutory excise schedule. Use update_data.py to import a freshly downloaded official MASE CSV."
2014-08-01,2014-08-01,2014-08-31,monthly,petrol,Italy national,national statistical series,self-service,EUR/litre,1.75,0.7036262295081969,0.7307999999999997,0.31557377049180346,1.0463737704918032,observed/curated,derived from final price + statutory tax schedule,False,False,31,31,MASE monthly fuel-price series — curated chart copy,https://sisen.mase.gov.it/dgsaie/open-data,"Final price follows the monthly series used for the charts. Components are reconstructed from final price, VAT rules and the statutory excise schedule. Use update_data.py to import a freshly downloaded official MASE CSV."
2014-09-01,2014-09-01,2014-09-30,monthly,petrol,Italy national,national statistical series,self-service,EUR/litre,1.735,0.6913311475409838,0.7307999999999998,0.3128688524590166,1.0436688524590163,observed/curated,derived from final price + statutory tax schedule,False,False,30,30,MASE monthly fuel-price series — curated chart copy,https://sisen.mase.gov.it/dgsaie/open-data,"Final price follows the monthly series used for the charts. Components are reconstructed from final price, VAT rules and the statutory excise schedule. Use update_data.py to import a freshly downloaded official MASE CSV."
2014-10-01,2014-10-01,2014-10-31,monthly,petrol,Italy national,national statistical series,self-service,EUR/litre,1.709,0.6700196721311478,0.7307999999999997,0.3081803278688527,1.0389803278688523,observed/curated,derived from final price + statutory tax schedule,False,False,31,31,MASE monthly fuel-price series — curated chart copy,https://sisen.mase.gov.it/dgsaie/open-data,"Final price follows the monthly series used for the charts. Components are reconstructed from final price, VAT rules and the statutory excise schedule. Use update_data.py to import a freshly downloaded official MASE CSV."
2014-11-01,2014-11-01,2014-11-30,monthly,petrol,Italy national,national statistical series,self-service,EUR/litre,1.652,0.6232983606557376,0.7307999999999998,0.29790163934426245,1.0287016393442623,observed/curated,derived from final price + statutory tax schedule,False,False,30,30,MASE monthly fuel-price series — curated chart copy,https://sisen.mase.gov.it/dgsaie/open-data,"Final price follows the monthly series used for the charts. Components are reconstructed from final price, VAT rules and the statutory excise schedule. Use update_data.py to import a freshly downloaded official MASE CSV."
2014-12-01,2014-12-01,2014-12-31,monthly,petrol,Italy national,national statistical series,self-service,EUR/litre,1.586,0.5692000000000002,0.7307999999999997,0.2860000000000002,1.0168,observed/curated,derived from final price + statutory tax schedule,False,False,31,31,MASE monthly fuel-price series — curated chart copy,https://sisen.mase.gov.it/dgsaie/open-data,"Final price follows the monthly series used for the charts. Components are reconstructed from final price, VAT rules and the statutory excise schedule. Use update_data.py to import a freshly downloaded official MASE CSV."
2015-01-01,2015-01-01,2015-01-31,monthly,petrol,Italy national,national statistical series,self-service,EUR/litre,1.472,0.47815737704918,0.7284000000000002,0.26544262295081983,0.9938426229508199,observed/curated,derived from final price + statutory tax schedule,False,False,31,31,MASE monthly fuel-price series — curated chart copy,https://sisen.mase.gov.it/dgsaie/open-data,"Final price follows the monthly series used for the charts. Components are reconstructed from final price, VAT rules and the statutory excise schedule. Use update_data.py to import a freshly downloaded official MASE CSV."
2015-02-01,2015-02-01,2015-02-28,monthly,petrol,Italy national,national statistical series,self-service,EUR/litre,1.489,0.49209180327868846,0.7284,0.2685081967213116,0.9969081967213116,observed/curated,derived from final price + statutory tax schedule,False,False,28,28,MASE monthly fuel-price series — curated chart copy,https://sisen.mase.gov.it/dgsaie/open-data,"Final price follows the monthly series used for the charts. Components are reconstructed from final price, VAT rules and the statutory excise schedule. Use update_data.py to import a freshly downloaded official MASE CSV."
2015-03-01,2015-03-01,2015-03-31,monthly,petrol,Italy national,national statistical series,self-service,EUR/litre,1.566,0.5552065573770488,0.7284000000000002,0.282393442622951,1.0107934426229512,observed/curated,derived from final price + statutory tax schedule,False,False,31,31,MASE monthly fuel-price series — curated chart copy,https://sisen.mase.gov.it/dgsaie/open-data,"Final price follows the monthly series used for the charts. Components are reconstructed from final price, VAT rules and the statutory excise schedule. Use update_data.py to import a freshly downloaded official MASE CSV."
2015-04-01,2015-04-01,2015-04-30,monthly,petrol,Italy national,national statistical series,self-service,EUR/litre,1.581,0.567501639344262,0.7284000000000002,0.28509836065573785,1.013498360655738,observed/curated,derived from final price + statutory tax schedule,False,False,30,30,MASE monthly fuel-price series — curated chart copy,https://sisen.mase.gov.it/dgsaie/open-data,"Final price follows the monthly series used for the charts. Components are reconstructed from final price, VAT rules and the statutory excise schedule. Use update_data.py to import a freshly downloaded official MASE CSV."
2015-05-01,2015-05-01,2015-05-31,monthly,petrol,Italy national,national statistical series,self-service,EUR/litre,1.614,0.5945508196721309,0.7284000000000002,0.2910491803278691,1.0194491803278694,observed/curated,derived from final price + statutory tax schedule,False,False,31,31,MASE monthly fuel-price series — curated chart copy,https://sisen.mase.gov.it/dgsaie/open-data,"Final price follows the monthly series used for the charts. Components are reconstructed from final price, VAT rules and the statutory excise schedule. Use update_data.py to import a freshly downloaded official MASE CSV."
2015-06-01,2015-06-01,2015-06-30,monthly,petrol,Italy national,national statistical series,self-service,EUR/litre,1.623,0.6019278688524587,0.7284000000000002,0.29267213114754115,1.0210721311475413,observed/curated,derived from final price + statutory tax schedule,False,False,30,30,MASE monthly fuel-price series — curated chart copy,https://sisen.mase.gov.it/dgsaie/open-data,"Final price follows the monthly series used for the charts. Components are reconstructed from final price, VAT rules and the statutory excise schedule. Use update_data.py to import a freshly downloaded official MASE CSV."
2015-07-01,2015-07-01,2015-07-31,monthly,petrol,Italy national,national statistical series,self-service,EUR/litre,1.625,0.6035672131147538,0.7284000000000002,0.2930327868852461,1.0214327868852462,observed/curated,derived from final price + statutory tax schedule,False,False,31,31,MASE monthly fuel-price series — curated chart copy,https://sisen.mase.gov.it/dgsaie/open-data,"Final price follows the monthly series used for the charts. Components are reconstructed from final price, VAT rules and the statutory excise schedule. Use update_data.py to import a freshly downloaded official MASE CSV."
2015-08-01,2015-08-01,2015-08-31,monthly,petrol,Italy national,national statistical series,self-service,EUR/litre,1.568,0.5568459016393439,0.7284000000000002,0.28275409836065596,1.0111540983606562,observed/curated,derived from final price + statutory tax schedule,False,False,31,31,MASE monthly fuel-price series — curated chart copy,https://sisen.mase.gov.it/dgsaie/open-data,"Final price follows the monthly series used for the charts. Components are reconstructed from final price, VAT rules and the statutory excise schedule. Use update_data.py to import a freshly downloaded official MASE CSV."
2015-09-01,2015-09-01,2015-09-30,monthly,petrol,Italy national,national statistical series,self-service,EUR/litre,1.495,0.4970098360655736,0.7284000000000002,0.26959016393442636,0.9979901639344265,observed/curated,derived from final price + statutory tax schedule,False,False,30,30,MASE monthly fuel-price series — curated chart copy,https://sisen.mase.gov.it/dgsaie/open-data,"Final price follows the monthly series used for the charts. Components are reconstructed from final price, VAT rules and the statutory excise schedule. Use update_data.py to import a freshly downloaded official MASE CSV."
2015-10-01,2015-10-01,2015-10-31,monthly,petrol,Italy national,national statistical series,self-service,EUR/litre,1.473,0.47897704918032763,0.7284000000000002,0.2656229508196723,0.9940229508196725,observed/curated,derived from final price + statutory tax schedule,False,False,31,31,MASE monthly fuel-price series — curated chart copy,https://sisen.mase.gov.it/dgsaie/open-data,"Final price follows the monthly series used for the charts. Components are reconstructed from final price, VAT rules and the statutory excise schedule. Use update_data.py to import a freshly downloaded official MASE CSV."
2015-11-01,2015-11-01,2015-11-30,monthly,petrol,Italy national,national statistical series,self-service,EUR/litre,1.457,0.46586229508196697,0.7284000000000002,0.26273770491803294,0.9911377049180331,observed/curated,derived from final price + statutory tax schedule,False,False,30,30,MASE monthly fuel-price series — curated chart copy,https://sisen.mase.gov.it/dgsaie/open-data,"Final price follows the monthly series used for the charts. Components are reconstructed from final price, VAT rules and the statutory excise schedule. Use update_data.py to import a freshly downloaded official MASE CSV."
2015-12-01,2015-12-01,2015-12-31,monthly,petrol,Italy national,national statistical series,self-service,EUR/litre,1.451,0.4609442622950817,0.7284000000000002,0.26165573770491823,0.9900557377049184,observed/curated,derived from final price + statutory tax schedule,False,False,31,31,MASE monthly fuel-price series — curated chart copy,https://sisen.mase.gov.it/dgsaie/open-data,"Final price follows the monthly series used for the charts. Components are reconstructed from final price, VAT rules and the statutory excise schedule. Use update_data.py to import a freshly downloaded official MASE CSV."
2016-01-01,2016-01-01,2016-01-31,monthly,petrol,Italy national,national statistical series,self-service,EUR/litre,1.416,0.43225573770491765,0.7284000000000002,0.2553442622950821,0.9837442622950823,observed/curated,derived from final price + statutory tax schedule,False,False,31,31,MASE monthly fuel-price series — curated chart copy,https://sisen.mase.gov.it/dgsaie/open-data,"Final price follows the monthly series used for the charts. Components are reconstructed from final price, VAT rules and the statutory excise schedule. Use update_data.py to import a freshly downloaded official MASE CSV."
2016-02-01,2016-02-01,2016-02-29,monthly,petrol,Italy national,national statistical series,self-service,EUR/litre,1.378,0.4011081967213111,0.7284000000000002,0.24849180327868864,0.9768918032786889,observed/curated,derived from final price + statutory tax schedule,False,False,29,29,MASE monthly fuel-price series — curated chart copy,https://sisen.mase.gov.it/dgsaie/open-data,"Final price follows the monthly series used for the charts. Components are reconstructed from final price, VAT rules and the statutory excise schedule. Use update_data.py to import a freshly downloaded official MASE CSV."
2016-03-01,2016-03-01,2016-03-31,monthly,petrol,Italy national,national statistical series,self-service,EUR/litre,1.388,0.40930491803278646,0.7284000000000002,0.2502950819672133,0.9786950819672134,observed/curated,derived from final price + statutory tax schedule,False,False,31,31,MASE monthly fuel-price series — curated chart copy,https://sisen.mase.gov.it/dgsaie/open-data,"Final price follows the monthly series used for the charts. Components are reconstructed from final price, VAT rules and the statutory excise schedule. Use update_data.py to import a freshly downloaded official MASE CSV."
2016-04-01,2016-04-01,2016-04-30,monthly,petrol,Italy national,national statistical series,self-service,EUR/litre,1.421,0.4363540983606555,0.7284000000000002,0.2562459016393444,0.9846459016393445,observed/curated,derived from final price + statutory tax schedule,False,False,30,30,MASE monthly fuel-price series — curated chart copy,https://sisen.mase.gov.it/dgsaie/open-data,"Final price follows the monthly series used for the charts. Components are reconstructed from final price, VAT rules and the statutory excise schedule. Use update_data.py to import a freshly downloaded official MASE CSV."
2016-05-01,2016-05-01,2016-05-31,monthly,petrol,Italy national,national statistical series,self-service,EUR/litre,1.453,0.4625836065573768,0.7284000000000002,0.2620163934426231,0.9904163934426233,observed/curated,derived from final price + statutory tax schedule,False,False,31,31,MASE monthly fuel-price series — curated chart copy,https://sisen.mase.gov.it/dgsaie/open-data,"Final price follows the monthly series used for the charts. Components are reconstructed from final price, VAT rules and the statutory excise schedule. Use update_data.py to import a freshly downloaded official MASE CSV."
2016-06-01,2016-06-01,2016-06-30,monthly,petrol,Italy national,national statistical series,self-service,EUR/litre,1.479,0.4838950819672129,0.7284000000000002,0.266704918032787,0.9951049180327871,observed/curated,derived from final price + statutory tax schedule,False,False,30,30,MASE monthly fuel-price series — curated chart copy,https://sisen.mase.gov.it/dgsaie/open-data,"Final price follows the monthly series used for the charts. Components are reconstructed from final price, VAT rules and the statutory excise schedule. Use update_data.py to import a freshly downloaded official MASE CSV."
2016-07-01,2016-07-01,2016-07-31,monthly,petrol,Italy national,national statistical series,self-service,EUR/litre,1.457,0.46586229508196697,0.7284000000000002,0.26273770491803294,0.9911377049180331,observed/curated,derived from final price + statutory tax schedule,False,False,31,31,MASE monthly fuel-price series — curated chart copy,https://sisen.mase.gov.it/dgsaie/open-data,"Final price follows the monthly series used for the charts. Components are reconstructed from final price, VAT rules and the statutory excise schedule. Use update_data.py to import a freshly downloaded official MASE CSV."
2016-08-01,2016-08-01,2016-08-31,monthly,petrol,Italy national,national statistical series,self-service,EUR/litre,1.433,0.44619016393442595,0.7284000000000002,0.25840983606557394,0.9868098360655742,observed/curated,derived from final price + statutory tax schedule,False,False,31,31,MASE monthly fuel-price series — curated chart copy,https://sisen.mase.gov.it/dgsaie/open-data,"Final price follows the monthly series used for the charts. Components are reconstructed from final price, VAT rules and the statutory excise schedule. Use update_data.py to import a freshly downloaded official MASE CSV."
2016-09-01,2016-09-01,2016-09-30,monthly,petrol,Italy national,national statistical series,self-service,EUR/litre,1.454,0.46340327868852427,0.7284000000000002,0.26219672131147553,0.9905967213114757,observed/curated,derived from final price + statutory tax schedule,False,False,30,30,MASE monthly fuel-price series — curated chart copy,https://sisen.mase.gov.it/dgsaie/open-data,"Final price follows the monthly series used for the charts. Components are reconstructed from final price, VAT rules and the statutory excise schedule. Use update_data.py to import a freshly downloaded official MASE CSV."
2016-10-01,2016-10-01,2016-10-31,monthly,petrol,Italy national,national statistical series,self-service,EUR/litre,1.474,0.47979672131147505,0.7284000000000002,0.26580327868852477,0.9942032786885249,observed/curated,derived from final price + statutory tax schedule,False,False,31,31,MASE monthly fuel-price series — curated chart copy,https://sisen.mase.gov.it/dgsaie/open-data,"Final price follows the monthly series used for the charts. Components are reconstructed from final price, VAT rules and the statutory excise schedule. Use update_data.py to import a freshly downloaded official MASE CSV."
2016-11-01,2016-11-01,2016-11-30,monthly,petrol,Italy national,national statistical series,self-service,EUR/litre,1.475,0.48061639344262275,0.7284000000000002,0.2659836065573772,0.9943836065573773,observed/curated,derived from final price + statutory tax schedule,False,False,30,30,MASE monthly fuel-price series — curated chart copy,https://sisen.mase.gov.it/dgsaie/open-data,"Final price follows the monthly series used for the charts. Components are reconstructed from final price, VAT rules and the statutory excise schedule. Use update_data.py to import a freshly downloaded official MASE CSV."
2016-12-01,2016-12-01,2016-12-31,monthly,petrol,Italy national,national statistical series,self-service,EUR/litre,1.496,0.49782950819672095,0.7284000000000002,0.2697704918032789,0.998170491803279,observed/curated,derived from final price + statutory tax schedule,False,False,31,31,MASE monthly fuel-price series — curated chart copy,https://sisen.mase.gov.it/dgsaie/open-data,"Final price follows the monthly series used for the charts. Components are reconstructed from final price, VAT rules and the statutory excise schedule. Use update_data.py to import a freshly downloaded official MASE CSV."
2017-01-01,2017-01-01,2017-01-31,monthly,petrol,Italy national,national statistical series,self-service,EUR/litre,1.544,0.5371737704918029,0.7284000000000002,0.2784262295081969,1.0068262295081971,observed/curated,derived from final price + statutory tax schedule,False,False,31,31,MASE monthly fuel-price series — curated chart copy,https://sisen.mase.gov.it/dgsaie/open-data,"Final price follows the monthly series used for the charts. Components are reconstructed from final price, VAT rules and the statutory excise schedule. Use update_data.py to import a freshly downloaded official MASE CSV."
2017-02-01,2017-02-01,2017-02-28,monthly,petrol,Italy national,national statistical series,self-service,EUR/litre,1.55,0.5420918032786884,0.7284,0.27950819672131155,1.0079081967213117,observed/curated,derived from final price + statutory tax schedule,False,False,28,28,MASE monthly fuel-price series — curated chart copy,https://sisen.mase.gov.it/dgsaie/open-data,"Final price follows the monthly series used for the charts. Components are reconstructed from final price, VAT rules and the statutory excise schedule. Use update_data.py to import a freshly downloaded official MASE CSV."
2017-03-01,2017-03-01,2017-03-31,monthly,petrol,Italy national,national statistical series,self-service,EUR/litre,1.54,0.5338950819672128,0.7284000000000002,0.2777049180327871,1.0061049180327872,observed/curated,derived from final price + statutory tax schedule,False,False,31,31,MASE monthly fuel-price series — curated chart copy,https://sisen.mase.gov.it/dgsaie/open-data,"Final price follows the monthly series used for the charts. Components are reconstructed from final price, VAT rules and the statutory excise schedule. Use update_data.py to import a freshly downloaded official MASE CSV."
2017-04-01,2017-04-01,2017-04-30,monthly,petrol,Italy national,national statistical series,self-service,EUR/litre,1.551,0.5429114754098356,0.7284000000000002,0.2796885245901641,1.0080885245901643,observed/curated,derived from final price + statutory tax schedule,False,False,30,30,MASE monthly fuel-price series — curated chart copy,https://sisen.mase.gov.it/dgsaie/open-data,"Final price follows the monthly series used for the charts. Components are reconstructed from final price, VAT rules and the statutory excise schedule. Use update_data.py to import a freshly downloaded official MASE CSV."
2017-05-01,2017-05-01,2017-05-31,monthly,petrol,Italy national,national statistical series,self-service,EUR/litre,1.528,0.5240590163934423,0.7284000000000002,0.27554098360655754,1.0039409836065576,observed/curated,derived from final price + statutory tax schedule,False,False,31,31,MASE monthly fuel-price series — curated chart copy,https://sisen.mase.gov.it/dgsaie/open-data,"Final price follows the monthly series used for the charts. Components are reconstructed from final price, VAT rules and the statutory excise schedule. Use update_data.py to import a freshly downloaded official MASE CSV."
2017-06-01,2017-06-01,2017-06-30,monthly,petrol,Italy national,national statistical series,self-service,EUR/litre,1.502,0.5027475409836062,0.7284000000000002,0.2708524590163936,0.9992524590163938,observed/curated,derived from final price + statutory tax schedule,False,False,30,30,MASE monthly fuel-price series — curated chart copy,https://sisen.mase.gov.it/dgsaie/open-data,"Final price follows the monthly series used for the charts. Components are reconstructed from final price, VAT rules and the statutory excise schedule. Use update_data.py to import a freshly downloaded official MASE CSV."
2017-07-01,2017-07-01,2017-07-31,monthly,petrol,Italy national,national statistical series,self-service,EUR/litre,1.491,0.49373114754098335,0.7284000000000002,0.2688688524590166,0.9972688524590168,observed/curated,derived from final price + statutory tax schedule,False,False,31,31,MASE monthly fuel-price series — curated chart copy,https://sisen.mase.gov.it/dgsaie/open-data,"Final price follows the monthly series used for the charts. Components are reconstructed from final price, VAT rules and the statutory excise schedule. Use update_data.py to import a freshly downloaded official MASE CSV."
2017-08-01,2017-08-01,2017-08-31,monthly,petrol,Italy national,national statistical series,self-service,EUR/litre,1.5,0.5011081967213111,0.7284000000000002,0.2704918032786887,0.9988918032786889,observed/curated,derived from final price + statutory tax schedule,False,False,31,31,MASE monthly fuel-price series — curated chart copy,https://sisen.mase.gov.it/dgsaie/open-data,"Final price follows the monthly series used for the charts. Components are reconstructed from final price, VAT rules and the statutory excise schedule. Use update_data.py to import a freshly downloaded official MASE CSV."
2017-09-01,2017-09-01,2017-09-30,monthly,petrol,Italy national,national statistical series,self-service,EUR/litre,1.522,0.519140983606557,0.7284000000000002,0.2744590163934428,1.002859016393443,observed/curated,derived from final price + statutory tax schedule,False,False,30,30,MASE monthly fuel-price series — curated chart copy,https://sisen.mase.gov.it/dgsaie/open-data,"Final price follows the monthly series used for the charts. Components are reconstructed from final price, VAT rules and the statutory excise schedule. Use update_data.py to import a freshly downloaded official MASE CSV."
2017-10-01,2017-10-01,2017-10-31,monthly,petrol,Italy national,national statistical series,self-service,EUR/litre,1.525,0.5215999999999996,0.7284000000000002,0.2750000000000002,1.0034000000000003,observed/curated,derived from final price + statutory tax schedule,False,False,31,31,MASE monthly fuel-price series — curated chart copy,https://sisen.mase.gov.it/dgsaie/open-data,"Final price follows the monthly series used for the charts. Components are reconstructed from final price, VAT rules and the statutory excise schedule. Use update_data.py to import a freshly downloaded official MASE CSV."
2017-11-01,2017-11-01,2017-11-30,monthly,petrol,Italy national,national statistical series,self-service,EUR/litre,1.544,0.537173770491803,0.7284000000000002,0.27842622950819684,1.0068262295081971,observed/curated,derived from final price + statutory tax schedule,False,False,30,30,MASE monthly fuel-price series — curated chart copy,https://sisen.mase.gov.it/dgsaie/open-data,"Final price follows the monthly series used for the charts. Components are reconstructed from final price, VAT rules and the statutory excise schedule. Use update_data.py to import a freshly downloaded official MASE CSV."
2017-12-01,2017-12-01,2017-12-31,monthly,petrol,Italy national,national statistical series,self-service,EUR/litre,1.55,0.5420918032786882,0.7284000000000002,0.27950819672131166,1.0079081967213117,observed/curated,derived from final price + statutory tax schedule,False,False,31,31,MASE monthly fuel-price series — curated chart copy,https://sisen.mase.gov.it/dgsaie/open-data,"Final price follows the monthly series used for the charts. Components are reconstructed from final price, VAT rules and the statutory excise schedule. Use update_data.py to import a freshly downloaded official MASE CSV."
2018-01-01,2018-01-01,2018-01-31,monthly,petrol,Italy national,national statistical series,self-service,EUR/litre,1.569,0.5576655737704914,0.7284000000000002,0.2829344262295084,1.0113344262295085,observed/curated,derived from final price + statutory tax schedule,False,False,31,31,MASE monthly fuel-price series — curated chart copy,https://sisen.mase.gov.it/dgsaie/open-data,"Final price follows the monthly series used for the charts. Components are reconstructed from final price, VAT rules and the statutory excise schedule. Use update_data.py to import a freshly downloaded official MASE CSV."
2018-02-01,2018-02-01,2018-02-28,monthly,petrol,Italy national,national statistical series,self-service,EUR/litre,1.558,0.5486491803278688,0.7284,0.28095081967213126,1.0093508196721312,observed/curated,derived from final price + statutory tax schedule,False,False,28,28,MASE monthly fuel-price series — curated chart copy,https://sisen.mase.gov.it/dgsaie/open-data,"Final price follows the monthly series used for the charts. Components are reconstructed from final price, VAT rules and the statutory excise schedule. Use update_data.py to import a freshly downloaded official MASE CSV."
2018-03-01,2018-03-01,2018-03-31,monthly,petrol,Italy national,national statistical series,self-service,EUR/litre,1.548,0.5404524590163932,0.7284000000000002,0.2791475409836067,1.007547540983607,observed/curated,derived from final price + statutory tax schedule,False,False,31,31,MASE monthly fuel-price series — curated chart copy,https://sisen.mase.gov.it/dgsaie/open-data,"Final price follows the monthly series used for the charts. Components are reconstructed from final price, VAT rules and the statutory excise schedule. Use update_data.py to import a freshly downloaded official MASE CSV."
2018-04-01,2018-04-01,2018-04-30,monthly,petrol,Italy national,national statistical series,self-service,EUR/litre,1.57,0.5584852459016392,0.7284000000000002,0.2831147540983608,1.011514754098361,observed/curated,derived from final price + statutory tax schedule,False,False,30,30,MASE monthly fuel-price series — curated chart copy,https://sisen.mase.gov.it/dgsaie/open-data,"Final price follows the monthly series used for the charts. Components are reconstructed from final price, VAT rules and the statutory excise schedule. Use update_data.py to import a freshly downloaded official MASE CSV."
2018-05-01,2018-05-01,2018-05-31,monthly,petrol,Italy national,national statistical series,self-service,EUR/litre,1.621,0.6002885245901636,0.7284000000000002,0.29231147540983626,1.0207114754098363,observed/curated,derived from final price + statutory tax schedule,False,False,31,31,MASE monthly fuel-price series — curated chart copy,https://sisen.mase.gov.it/dgsaie/open-data,"Final price follows the monthly series used for the charts. Components are reconstructed from final price, VAT rules and the statutory excise schedule. Use update_data.py to import a freshly downloaded official MASE CSV."
2018-06-01,2018-06-01,2018-06-30,monthly,petrol,Italy national,national statistical series,self-service,EUR/litre,1.642,0.6175016393442618,0.7284000000000002,0.29609836065573786,1.024498360655738,observed/curated,derived from final price + statutory tax schedule,False,False,30,30,MASE monthly fuel-price series — curated chart copy,https://sisen.mase.gov.it/dgsaie/open-data,"Final price follows the monthly series used for the charts. Components are reconstructed from final price, VAT rules and the statutory excise schedule. Use update_data.py to import a freshly downloaded official MASE CSV."
2018-07-01,2018-07-01,2018-07-31,monthly,petrol,Italy national,national statistical series,self-service,EUR/litre,1.63,0.6076655737704914,0.7284000000000002,0.2939344262295084,1.0223344262295084,observed/curated,derived from final price + statutory tax schedule,False,False,31,31,MASE monthly fuel-price series — curated chart copy,https://sisen.mase.gov.it/dgsaie/open-data,"Final price follows the monthly series used for the charts. Components are reconstructed from final price, VAT rules and the statutory excise schedule. Use update_data.py to import a freshly downloaded official MASE CSV."
2018-08-01,2018-08-01,2018-08-31,monthly,petrol,Italy national,national statistical series,self-service,EUR/litre,1.63,0.6076655737704914,0.7284000000000002,0.2939344262295084,1.0223344262295084,observed/curated,derived from final price + statutory tax schedule,False,False,31,31,MASE monthly fuel-price series — curated chart copy,https://sisen.mase.gov.it/dgsaie/open-data,"Final price follows the monthly series used for the charts. Components are reconstructed from final price, VAT rules and the statutory excise schedule. Use update_data.py to import a freshly downloaded official MASE CSV."
2018-09-01,2018-09-01,2018-09-30,monthly,petrol,Italy national,national statistical series,self-service,EUR/litre,1.642,0.6175016393442618,0.7284000000000002,0.29609836065573786,1.024498360655738,observed/curated,derived from final price + statutory tax schedule,False,False,30,30,MASE monthly fuel-price series — curated chart copy,https://sisen.mase.gov.it/dgsaie/open-data,"Final price follows the monthly series used for the charts. Components are reconstructed from final price, VAT rules and the statutory excise schedule. Use update_data.py to import a freshly downloaded official MASE CSV."
2018-10-01,2018-10-01,2018-10-31,monthly,petrol,Italy national,national statistical series,self-service,EUR/litre,1.659,0.6314360655737702,0.7284000000000002,0.2991639344262297,1.02756393442623,observed/curated,derived from final price + statutory tax schedule,False,False,31,31,MASE monthly fuel-price series — curated chart copy,https://sisen.mase.gov.it/dgsaie/open-data,"Final price follows the monthly series used for the charts. Components are reconstructed from final price, VAT rules and the statutory excise schedule. Use update_data.py to import a freshly downloaded official MASE CSV."
2018-11-01,2018-11-01,2018-11-30,monthly,petrol,Italy national,national statistical series,self-service,EUR/litre,1.613,0.5937311475409832,0.7284000000000002,0.29086885245901656,1.0192688524590168,observed/curated,derived from final price + statutory tax schedule,False,False,30,30,MASE monthly fuel-price series — curated chart copy,https://sisen.mase.gov.it/dgsaie/open-data,"Final price follows the monthly series used for the charts. Components are reconstructed from final price, VAT rules and the statutory excise schedule. Use update_data.py to import a freshly downloaded official MASE CSV."
2018-12-01,2018-12-01,2018-12-31,monthly,petrol,Italy national,national statistical series,self-service,EUR/litre,1.51,0.5093049180327865,0.7284000000000002,0.2722950819672133,1.0006950819672134,observed/curated,derived from final price + statutory tax schedule,False,False,31,31,MASE monthly fuel-price series — curated chart copy,https://sisen.mase.gov.it/dgsaie/open-data,"Final price follows the monthly series used for the charts. Components are reconstructed from final price, VAT rules and the statutory excise schedule. Use update_data.py to import a freshly downloaded official MASE CSV."
2019-01-01,2019-01-01,2019-01-31,monthly,petrol,Italy national,national statistical series,self-service,EUR/litre,1.49,0.4929114754098357,0.7284000000000002,0.2686885245901641,0.9970885245901643,observed/curated,derived from final price + statutory tax schedule,False,False,31,31,MASE monthly fuel-price series — curated chart copy,https://sisen.mase.gov.it/dgsaie/open-data,"Final price follows the monthly series used for the charts. Components are reconstructed from final price, VAT rules and the statutory excise schedule. Use update_data.py to import a freshly downloaded official MASE CSV."
2019-02-01,2019-02-01,2019-02-28,monthly,petrol,Italy national,national statistical series,self-service,EUR/litre,1.521,0.5183213114754096,0.7284,0.27427868852459025,1.0026786885245902,observed/curated,derived from final price + statutory tax schedule,False,False,28,28,MASE monthly fuel-price series — curated chart copy,https://sisen.mase.gov.it/dgsaie/open-data,"Final price follows the monthly series used for the charts. Components are reconstructed from final price, VAT rules and the statutory excise schedule. Use update_data.py to import a freshly downloaded official MASE CSV."
2019-03-01,2019-03-01,2019-03-31,monthly,petrol,Italy national,national statistical series,self-service,EUR/litre,1.558,0.5486491803278686,0.7284000000000002,0.2809508196721313,1.0093508196721315,observed/curated,derived from final price + statutory tax schedule,False,False,31,31,MASE monthly fuel-price series — curated chart copy,https://sisen.mase.gov.it/dgsaie/open-data,"Final price follows the monthly series used for the charts. Components are reconstructed from final price, VAT rules and the statutory excise schedule. Use update_data.py to import a freshly downloaded official MASE CSV."
2019-04-01,2019-04-01,2019-04-30,monthly,petrol,Italy national,national statistical series,self-service,EUR/litre,1.61,0.5912721311475407,0.7284000000000002,0.2903278688524592,1.0187278688524595,observed/curated,derived from final price + statutory tax schedule,False,False,30,30,MASE monthly fuel-price series — curated chart copy,https://sisen.mase.gov.it/dgsaie/open-data,"Final price follows the monthly series used for the charts. Components are reconstructed from final price, VAT rules and the statutory excise schedule. Use update_data.py to import a freshly downloaded official MASE CSV."
2019-05-01,2019-05-01,2019-05-31,monthly,petrol,Italy national,national statistical series,self-service,EUR/litre,1.626,0.6043868852459011,0.7284000000000002,0.29321311475409856,1.0216131147540988,observed/curated,derived from final price + statutory tax schedule,False,False,31,31,MASE monthly fuel-price series — curated chart copy,https://sisen.mase.gov.it/dgsaie/open-data,"Final price follows the monthly series used for the charts. Components are reconstructed from final price, VAT rules and the statutory excise schedule. Use update_data.py to import a freshly downloaded official MASE CSV."
2019-06-01,2019-06-01,2019-06-30,monthly,petrol,Italy national,national statistical series,self-service,EUR/litre,1.597,0.5806163934426226,0.7284000000000002,0.2879836065573772,1.0163836065573775,observed/curated,derived from final price + statutory tax schedule,False,False,30,30,MASE monthly fuel-price series — curated chart copy,https://sisen.mase.gov.it/dgsaie/open-data,"Final price follows the monthly series used for the charts. Components are reconstructed from final price, VAT rules and the statutory excise schedule. Use update_data.py to import a freshly downloaded official MASE CSV."
2019-07-01,2019-07-01,2019-07-31,monthly,petrol,Italy national,national statistical series,self-service,EUR/litre,1.595,0.5789770491803274,0.7284000000000002,0.2876229508196723,1.0160229508196725,observed/curated,derived from final price + statutory tax schedule,False,False,31,31,MASE monthly fuel-price series — curated chart copy,https://sisen.mase.gov.it/dgsaie/open-data,"Final price follows the monthly series used for the charts. Components are reconstructed from final price, VAT rules and the statutory excise schedule. Use update_data.py to import a freshly downloaded official MASE CSV."
2019-08-01,2019-08-01,2019-08-31,monthly,petrol,Italy national,national statistical series,self-service,EUR/litre,1.574,0.5617639344262293,0.7284000000000002,0.28383606557377067,1.0122360655737708,observed/curated,derived from final price + statutory tax schedule,False,False,31,31,MASE monthly fuel-price series — curated chart copy,https://sisen.mase.gov.it/dgsaie/open-data,"Final price follows the monthly series used for the charts. Components are reconstructed from final price, VAT rules and the statutory excise schedule. Use update_data.py to import a freshly downloaded official MASE CSV."
2019-09-01,2019-09-01,2019-09-30,monthly,petrol,Italy national,national statistical series,self-service,EUR/litre,1.579,0.565862295081967,0.7284000000000002,0.2847377049180329,1.013137704918033,observed/curated,derived from final price + statutory tax schedule,False,False,30,30,MASE monthly fuel-price series — curated chart copy,https://sisen.mase.gov.it/dgsaie/open-data,"Final price follows the monthly series used for the charts. Components are reconstructed from final price, VAT rules and the statutory excise schedule. Use update_data.py to import a freshly downloaded official MASE CSV."
2019-10-01,2019-10-01,2019-10-31,monthly,petrol,Italy national,national statistical series,self-service,EUR/litre,1.577,0.5642229508196718,0.7284000000000002,0.284377049180328,1.012777049180328,observed/curated,derived from final price + statutory tax schedule,False,False,31,31,MASE monthly fuel-price series — curated chart copy,https://sisen.mase.gov.it/dgsaie/open-data,"Final price follows the monthly series used for the charts. Components are reconstructed from final price, VAT rules and the statutory excise schedule. Use update_data.py to import a freshly downloaded official MASE CSV."
2019-11-01,2019-11-01,2019-11-30,monthly,petrol,Italy national,national statistical series,self-service,EUR/litre,1.576,0.5634032786885244,0.7284000000000002,0.28419672131147555,1.0125967213114757,observed/curated,derived from final price + statutory tax schedule,False,False,30,30,MASE monthly fuel-price series — curated chart copy,https://sisen.mase.gov.it/dgsaie/open-data,"Final price follows the monthly series used for the charts. Components are reconstructed from final price, VAT rules and the statutory excise schedule. Use update_data.py to import a freshly downloaded official MASE CSV."
2019-12-01,2019-12-01,2019-12-31,monthly,petrol,Italy national,national statistical series,self-service,EUR/litre,1.585,0.5707803278688521,0.7284000000000002,0.28581967213114773,1.0142196721311478,observed/curated,derived from final price + statutory tax schedule,False,False,31,31,MASE monthly fuel-price series — curated chart copy,https://sisen.mase.gov.it/dgsaie/open-data,"Final price follows the monthly series used for the charts. Components are reconstructed from final price, VAT rules and the statutory excise schedule. Use update_data.py to import a freshly downloaded official MASE CSV."
2020-01-01,2020-01-01,2020-01-31,monthly,petrol,Italy national,national statistical series,self-service,EUR/litre,1.586,0.5715999999999997,0.7284000000000002,0.2860000000000002,1.0144000000000004,observed/curated,derived from final price + statutory tax schedule,False,False,31,31,MASE monthly fuel-price series — curated chart copy,https://sisen.mase.gov.it/dgsaie/open-data,"Final price follows the monthly series used for the charts. Components are reconstructed from final price, VAT rules and the statutory excise schedule. Use update_data.py to import a freshly downloaded official MASE CSV."
2020-02-01,2020-02-01,2020-02-29,monthly,petrol,Italy national,national statistical series,self-service,EUR/litre,1.549,0.5412721311475406,0.7284000000000002,0.27932786885245914,1.0077278688524594,observed/curated,derived from final price + statutory tax schedule,False,False,29,29,MASE monthly fuel-price series — curated chart copy,https://sisen.mase.gov.it/dgsaie/open-data,"Final price follows the monthly series used for the charts. Components are reconstructed from final price, VAT rules and the statutory excise schedule. Use update_data.py to import a freshly downloaded official MASE CSV."
2020-03-01,2020-03-01,2020-03-31,monthly,petrol,Italy national,national statistical series,self-service,EUR/litre,1.487,0.49045245901639317,0.7284000000000002,0.26814754098360677,0.9965475409836069,observed/curated,derived from final price + statutory tax schedule,False,False,31,31,MASE monthly fuel-price series — curated chart copy,https://sisen.mase.gov.it/dgsaie/open-data,"Final price follows the monthly series used for the charts. Components are reconstructed from final price, VAT rules and the statutory excise schedule. Use update_data.py to import a freshly downloaded official MASE CSV."
2020-04-01,2020-04-01,2020-04-30,monthly,petrol,Italy national,national statistical series,self-service,EUR/litre,1.409,0.426518032786885,0.7284000000000002,0.2540819672131149,0.9824819672131151,observed/curated,derived from final price + statutory tax schedule,False,False,30,30,MASE monthly fuel-price series — curated chart copy,https://sisen.mase.gov.it/dgsaie/open-data,"Final price follows the monthly series used for the charts. Components are reconstructed from final price, VAT rules and the statutory excise schedule. Use update_data.py to import a freshly downloaded official MASE CSV."
2020-05-01,2020-05-01,2020-05-31,monthly,petrol,Italy national,national statistical series,self-service,EUR/litre,1.365,0.39045245901639314,0.7284000000000002,0.24614754098360672,0.9745475409836069,observed/curated,derived from final price + statutory tax schedule,False,False,31,31,MASE monthly fuel-price series — curated chart copy,https://sisen.mase.gov.it/dgsaie/open-data,"Final price follows the monthly series used for the charts. Components are reconstructed from final price, VAT rules and the statutory excise schedule. Use update_data.py to import a freshly downloaded official MASE CSV."
2020-06-01,2020-06-01,2020-06-30,monthly,petrol,Italy national,national statistical series,self-service,EUR/litre,1.384,0.40602622950819633,0.7284000000000002,0.24957377049180338,0.9779737704918036,observed/curated,derived from final price + statutory tax schedule,False,False,30,30,MASE monthly fuel-price series — curated chart copy,https://sisen.mase.gov.it/dgsaie/open-data,"Final price follows the monthly series used for the charts. Components are reconstructed from final price, VAT rules and the statutory excise schedule. Use update_data.py to import a freshly downloaded official MASE CSV."
2020-07-01,2020-07-01,2020-07-31,monthly,petrol,Italy national,national statistical series,self-service,EUR/litre,1.403,0.4215999999999997,0.7284000000000002,0.25300000000000017,0.9814000000000003,observed/curated,derived from final price + statutory tax schedule,False,False,31,31,MASE monthly fuel-price series — curated chart copy,https://sisen.mase.gov.it/dgsaie/open-data,"Final price follows the monthly series used for the charts. Components are reconstructed from final price, VAT rules and the statutory excise schedule. Use update_data.py to import a freshly downloaded official MASE CSV."
2020-08-01,2020-08-01,2020-08-31,monthly,petrol,Italy national,national statistical series,self-service,EUR/litre,1.399,0.4183213114754095,0.7284000000000002,0.25227868852459034,0.9806786885245905,observed/curated,derived from final price + statutory tax schedule,False,False,31,31,MASE monthly fuel-price series — curated chart copy,https://sisen.mase.gov.it/dgsaie/open-data,"Final price follows the monthly series used for the charts. Components are reconstructed from final price, VAT rules and the statutory excise schedule. Use update_data.py to import a freshly downloaded official MASE CSV."
2020-09-01,2020-09-01,2020-09-30,monthly,petrol,Italy national,national statistical series,self-service,EUR/litre,1.392,0.4125836065573767,0.7284000000000002,0.25101639344262305,0.9794163934426232,observed/curated,derived from final price + statutory tax schedule,False,False,30,30,MASE monthly fuel-price series — curated chart copy,https://sisen.mase.gov.it/dgsaie/open-data,"Final price follows the monthly series used for the charts. Components are reconstructed from final price, VAT rules and the statutory excise schedule. Use update_data.py to import a freshly downloaded official MASE CSV."
2020-10-01,2020-10-01,2020-10-31,monthly,petrol,Italy national,national statistical series,self-service,EUR/litre,1.388,0.40930491803278646,0.7284000000000002,0.2502950819672133,0.9786950819672134,observed/curated,derived from final price + statutory tax schedule,False,False,31,31,MASE monthly fuel-price series — curated chart copy,https://sisen.mase.gov.it/dgsaie/open-data,"Final price follows the monthly series used for the charts. Components are reconstructed from final price, VAT rules and the statutory excise schedule. Use update_data.py to import a freshly downloaded official MASE CSV."
2020-11-01,2020-11-01,2020-11-30,monthly,petrol,Italy national,national statistical series,self-service,EUR/litre,1.391,0.4117639344262292,0.7284000000000002,0.25083606557377064,0.9792360655737709,observed/curated,derived from final price + statutory tax schedule,False,False,30,30,MASE monthly fuel-price series — curated chart copy,https://sisen.mase.gov.it/dgsaie/open-data,"Final price follows the monthly series used for the charts. Components are reconstructed from final price, VAT rules and the statutory excise schedule. Use update_data.py to import a freshly downloaded official MASE CSV."
2020-12-01,2020-12-01,2020-12-31,monthly,petrol,Italy national,national statistical series,self-service,EUR/litre,1.424,0.43881311475409795,0.7284000000000002,0.2567868852459018,0.985186885245902,observed/curated,derived from final price + statutory tax schedule,False,False,31,31,MASE monthly fuel-price series — curated chart copy,https://sisen.mase.gov.it/dgsaie/open-data,"Final price follows the monthly series used for the charts. Components are reconstructed from final price, VAT rules and the statutory excise schedule. Use update_data.py to import a freshly downloaded official MASE CSV."
2021-01-01,2021-01-01,2021-01-31,monthly,petrol,Italy national,national statistical series,self-service,EUR/litre,1.465,0.4724196721311473,0.7284000000000002,0.26418032786885265,0.9925803278688528,observed/curated,derived from final price + statutory tax schedule,False,False,31,31,MASE monthly fuel-price series — curated chart copy,https://sisen.mase.gov.it/dgsaie/open-data,"Final price follows the monthly series used for the charts. Components are reconstructed from final price, VAT rules and the statutory excise schedule. Use update_data.py to import a freshly downloaded official MASE CSV."
2021-02-01,2021-02-01,2021-02-28,monthly,petrol,Italy national,national statistical series,self-service,EUR/litre,1.511,0.5101245901639342,0.7284,0.27247540983606566,1.0008754098360657,observed/curated,derived from final price + statutory tax schedule,False,False,28,28,MASE monthly fuel-price series — curated chart copy,https://sisen.mase.gov.it/dgsaie/open-data,"Final price follows the monthly series used for the charts. Components are reconstructed from final price, VAT rules and the statutory excise schedule. Use update_data.py to import a freshly downloaded official MASE CSV."
2021-03-01,2021-03-01,2021-03-31,monthly,petrol,Italy national,national statistical series,self-service,EUR/litre,1.568,0.5568459016393439,0.7284000000000002,0.28275409836065596,1.0111540983606562,observed/curated,derived from final price + statutory tax schedule,False,False,31,31,MASE monthly fuel-price series — curated chart copy,https://sisen.mase.gov.it/dgsaie/open-data,"Final price follows the monthly series used for the charts. Components are reconstructed from final price, VAT rules and the statutory excise schedule. Use update_data.py to import a freshly downloaded official MASE CSV."
2021-04-01,2021-04-01,2021-04-30,monthly,petrol,Italy national,national statistical series,self-service,EUR/litre,1.576,0.5634032786885244,0.7284000000000002,0.28419672131147555,1.0125967213114757,observed/curated,derived from final price + statutory tax schedule,False,False,30,30,MASE monthly fuel-price series — curated chart copy,https://sisen.mase.gov.it/dgsaie/open-data,"Final price follows the monthly series used for the charts. Components are reconstructed from final price, VAT rules and the statutory excise schedule. Use update_data.py to import a freshly downloaded official MASE CSV."
2021-05-01,2021-05-01,2021-05-31,monthly,petrol,Italy national,national statistical series,self-service,EUR/litre,1.59,0.5748786885245899,0.7284000000000002,0.28672131147541,1.01512131147541,observed/curated,derived from final price + statutory tax schedule,False,False,31,31,MASE monthly fuel-price series — curated chart copy,https://sisen.mase.gov.it/dgsaie/open-data,"Final price follows the monthly series used for the charts. Components are reconstructed from final price, VAT rules and the statutory excise schedule. Use update_data.py to import a freshly downloaded official MASE CSV."
2021-06-01,2021-06-01,2021-06-30,monthly,petrol,Italy national,national statistical series,self-service,EUR/litre,1.614,0.594550819672131,0.7284000000000002,0.29104918032786903,1.0194491803278691,observed/curated,derived from final price + statutory tax schedule,False,False,30,30,MASE monthly fuel-price series — curated chart copy,https://sisen.mase.gov.it/dgsaie/open-data,"Final price follows the monthly series used for the charts. Components are reconstructed from final price, VAT rules and the statutory excise schedule. Use update_data.py to import a freshly downloaded official MASE CSV."
2021-07-01,2021-07-01,2021-07-31,monthly,petrol,Italy national,national statistical series,self-service,EUR/litre,1.651,0.6248786885245898,0.7284000000000002,0.29772131147541003,1.0261213114754102,observed/curated,derived from final price + statutory tax schedule,False,False,31,31,MASE monthly fuel-price series — curated chart copy,https://sisen.mase.gov.it/dgsaie/open-data,"Final price follows the monthly series used for the charts. Components are reconstructed from final price, VAT rules and the statutory excise schedule. Use update_data.py to import a freshly downloaded official MASE CSV."
2021-08-01,2021-08-01,2021-08-31,monthly,petrol,Italy national,national statistical series,self-service,EUR/litre,1.654,0.6273377049180324,0.7284000000000002,0.2982622950819674,1.0266622950819675,observed/curated,derived from final price + statutory tax schedule,False,False,31,31,MASE monthly fuel-price series — curated chart copy,https://sisen.mase.gov.it/dgsaie/open-data,"Final price follows the monthly series used for the charts. Components are reconstructed from final price, VAT rules and the statutory excise schedule. Use update_data.py to import a freshly downloaded official MASE CSV."
2021-09-01,2021-09-01,2021-09-30,monthly,petrol,Italy national,national statistical series,self-service,EUR/litre,1.67,0.6404524590163931,0.7284000000000002,0.3011475409836067,1.0295475409836068,observed/curated,derived from final price + statutory tax schedule,False,False,30,30,MASE monthly fuel-price series — curated chart copy,https://sisen.mase.gov.it/dgsaie/open-data,"Final price follows the monthly series used for the charts. Components are reconstructed from final price, VAT rules and the statutory excise schedule. Use update_data.py to import a freshly downloaded official MASE CSV."
2021-10-01,2021-10-01,2021-10-31,monthly,petrol,Italy national,national statistical series,self-service,EUR/litre,1.731,0.6904524590163932,0.7284000000000002,0.31214754098360675,1.040547540983607,observed/curated,derived from final price + statutory tax schedule,False,False,31,31,MASE monthly fuel-price series — curated chart copy,https://sisen.mase.gov.it/dgsaie/open-data,"Final price follows the monthly series used for the charts. Components are reconstructed from final price, VAT rules and the statutory excise schedule. Use update_data.py to import a freshly downloaded official MASE CSV."
2021-11-01,2021-11-01,2021-11-30,monthly,petrol,Italy national,national statistical series,self-service,EUR/litre,1.747,0.7035672131147539,0.7284000000000002,0.31503278688524605,1.0434327868852462,observed/curated,derived from final price + statutory tax schedule,False,False,30,30,MASE monthly fuel-price series — curated chart copy,https://sisen.mase.gov.it/dgsaie/open-data,"Final price follows the monthly series used for the charts. Components are reconstructed from final price, VAT rules and the statutory excise schedule. Use update_data.py to import a freshly downloaded official MASE CSV."
2021-12-01,2021-12-01,2021-12-31,monthly,petrol,Italy national,national statistical series,self-service,EUR/litre,1.724,0.6847147540983602,0.7284000000000002,0.3108852459016395,1.0392852459016397,observed/curated,derived from final price + statutory tax schedule,False,False,31,31,MASE monthly fuel-price series — curated chart copy,https://sisen.mase.gov.it/dgsaie/open-data,"Final price follows the monthly series used for the charts. Components are reconstructed from final price, VAT rules and the statutory excise schedule. Use update_data.py to import a freshly downloaded official MASE CSV."
2022-01-01,2022-01-01,2022-01-31,monthly,petrol,Italy national,national statistical series,self-service,EUR/litre,1.765,0.7183213114754095,0.7284000000000002,0.31827868852459035,1.0466786885245905,observed/curated,derived from final price + statutory tax schedule,False,False,31,31,MASE monthly fuel-price series — curated chart copy,https://sisen.mase.gov.it/dgsaie/open-data,"Final price follows the monthly series used for the charts. Components are reconstructed from final price, VAT rules and the statutory excise schedule. Use update_data.py to import a freshly downloaded official MASE CSV."
2022-02-01,2022-02-01,2022-02-28,monthly,petrol,Italy national,national statistical series,self-service,EUR/litre,1.848,0.7863540983606558,0.7284,0.33324590163934437,1.0616459016393445,observed/curated,derived from final price + statutory tax schedule,False,False,28,28,MASE monthly fuel-price series — curated chart copy,https://sisen.mase.gov.it/dgsaie/open-data,"Final price follows the monthly series used for the charts. Components are reconstructed from final price, VAT rules and the statutory excise schedule. Use update_data.py to import a freshly downloaded official MASE CSV."
2022-03-01,2022-03-01,2022-03-31,monthly,petrol,Italy national,national statistical series,self-service,EUR/litre,2.008,0.9981468006345844,0.6477548387096775,0.3620983606557379,1.0098531993654154,observed/curated,derived from final price + statutory tax schedule,False,False,31,31,MASE monthly fuel-price series — curated chart copy,https://sisen.mase.gov.it/dgsaie/open-data,"Final price follows the monthly series used for the charts. Components are reconstructed from final price, VAT rules and the statutory excise schedule. Use update_data.py to import a freshly downloaded official MASE CSV."
2022-04-01,2022-04-01,2022-04-30,monthly,petrol,Italy national,national statistical series,self-service,EUR/litre,1.769,0.9715999999999996,0.4784000000000001,0.3190000000000001,0.7974000000000002,observed/curated,derived from final price + statutory tax schedule,False,False,30,30,MASE monthly fuel-price series — curated chart copy,https://sisen.mase.gov.it/dgsaie/open-data,"Final price follows the monthly series used for the charts. Components are reconstructed from final price, VAT rules and the statutory excise schedule. Use update_data.py to import a freshly downloaded official MASE CSV."
2022-05-01,2022-05-01,2022-05-31,monthly,petrol,Italy national,national statistical series,self-service,EUR/litre,1.851,1.038813114754098,0.47840000000000016,0.33378688524590183,0.812186885245902,observed/curated,derived from final price + statutory tax schedule,False,False,31,31,MASE monthly fuel-price series — curated chart copy,https://sisen.mase.gov.it/dgsaie/open-data,"Final price follows the monthly series used for the charts. Components are reconstructed from final price, VAT rules and the statutory excise schedule. Use update_data.py to import a freshly downloaded official MASE CSV."
2022-06-01,2022-06-01,2022-06-30,monthly,petrol,Italy national,national statistical series,self-service,EUR/litre,2.034,1.188813114754098,0.4784000000000001,0.3667868852459018,0.8451868852459019,observed/curated,derived from final price + statutory tax schedule,False,False,30,30,MASE monthly fuel-price series — curated chart copy,https://sisen.mase.gov.it/dgsaie/open-data,"Final price follows the monthly series used for the charts. Components are reconstructed from final price, VAT rules and the statutory excise schedule. Use update_data.py to import a freshly downloaded official MASE CSV."
2022-07-01,2022-07-01,2022-07-31,monthly,petrol,Italy national,national statistical series,self-service,EUR/litre,1.968,1.1347147540983602,0.47840000000000016,0.35488524590163956,0.8332852459016398,observed/curated,derived from final price + statutory tax schedule,False,False,31,31,MASE monthly fuel-price series — curated chart copy,https://sisen.mase.gov.it/dgsaie/open-data,"Final price follows the monthly series used for the charts. Components are reconstructed from final price, VAT rules and the statutory excise schedule. Use update_data.py to import a freshly downloaded official MASE CSV."
2022-08-01,2022-08-01,2022-08-31,monthly,petrol,Italy national,national statistical series,self-service,EUR/litre,1.775,0.9765180327868848,0.47840000000000016,0.32008196721311494,0.7984819672131152,observed/curated,derived from final price + statutory tax schedule,False,False,31,31,MASE monthly fuel-price series — curated chart copy,https://sisen.mase.gov.it/dgsaie/open-data,"Final price follows the monthly series used for the charts. Components are reconstructed from final price, VAT rules and the statutory excise schedule. Use update_data.py to import a freshly downloaded official MASE CSV."
2022-09-01,2022-09-01,2022-09-30,monthly,petrol,Italy national,national statistical series,self-service,EUR/litre,1.688,0.9052065573770488,0.4784000000000001,0.304393442622951,0.782793442622951,observed/curated,derived from final price + statutory tax schedule,False,False,30,30,MASE monthly fuel-price series — curated chart copy,https://sisen.mase.gov.it/dgsaie/open-data,"Final price follows the monthly series used for the charts. Components are reconstructed from final price, VAT rules and the statutory excise schedule. Use update_data.py to import a freshly downloaded official MASE CSV."
2022-10-01,2022-10-01,2022-10-31,monthly,petrol,Italy national,national statistical series,self-service,EUR/litre,1.679,0.8978295081967209,0.47840000000000016,0.3027704918032789,0.7811704918032791,observed/curated,derived from final price + statutory tax schedule,False,False,31,31,MASE monthly fuel-price series — curated chart copy,https://sisen.mase.gov.it/dgsaie/open-data,"Final price follows the monthly series used for the charts. Components are reconstructed from final price, VAT rules and the statutory excise schedule. Use update_data.py to import a freshly downloaded official MASE CSV."
2022-11-01,2022-11-01,2022-11-30,monthly,petrol,Italy national,national statistical series,self-service,EUR/litre,1.689,0.9060262295081964,0.4784000000000001,0.30457377049180345,0.7829737704918036,observed/curated,derived from final price + statutory tax schedule,False,False,30,30,MASE monthly fuel-price series — curated chart copy,https://sisen.mase.gov.it/dgsaie/open-data,"Final price follows the monthly series used for the charts. Components are reconstructed from final price, VAT rules and the statutory excise schedule. Use update_data.py to import a freshly downloaded official MASE CSV."
2022-12-01,2022-12-01,2022-12-31,monthly,petrol,Italy national,national statistical series,self-service,EUR/litre,1.663,0.7847147540983607,0.5783999999999998,0.29988524590163956,0.8782852459016394,observed/curated,derived from final price + statutory tax schedule,False,False,31,31,MASE monthly fuel-price series — curated chart copy,https://sisen.mase.gov.it/dgsaie/open-data,"Final price follows the monthly series used for the charts. Components are reconstructed from final price, VAT rules and the statutory excise schedule. Use update_data.py to import a freshly downloaded official MASE CSV."
2023-01-01,2023-01-01,2023-01-31,monthly,petrol,Italy national,national statistical series,self-service,EUR/litre,1.834,0.7748786885245899,0.7284000000000002,0.33072131147541006,1.05912131147541,observed/curated,derived from final price + statutory tax schedule,False,False,31,31,MASE monthly fuel-price series — curated chart copy,https://sisen.mase.gov.it/dgsaie/open-data,"Final price follows the monthly series used for the charts. Components are reconstructed from final price, VAT rules and the statutory excise schedule. Use update_data.py to import a freshly downloaded official MASE CSV."
2023-02-01,2023-02-01,2023-02-28,monthly,petrol,Italy national,national statistical series,self-service,EUR/litre,1.861,0.7970098360655737,0.7284,0.33559016393442637,1.0639901639344265,observed/curated,derived from final price + statutory tax schedule,False,False,28,28,MASE monthly fuel-price series — curated chart copy,https://sisen.mase.gov.it/dgsaie/open-data,"Final price follows the monthly series used for the charts. Components are reconstructed from final price, VAT rules and the statutory excise schedule. Use update_data.py to import a freshly downloaded official MASE CSV."
2023-03-01,2023-03-01,2023-03-31,monthly,petrol,Italy national,national statistical series,self-service,EUR/litre,1.855,0.7920918032786881,0.7284000000000002,0.3345081967213117,1.0629081967213119,observed/curated,derived from final price + statutory tax schedule,False,False,31,31,MASE monthly fuel-price series — curated chart copy,https://sisen.mase.gov.it/dgsaie/open-data,"Final price follows the monthly series used for the charts. Components are reconstructed from final price, VAT rules and the statutory excise schedule. Use update_data.py to import a freshly downloaded official MASE CSV."
2023-04-01,2023-04-01,2023-04-30,monthly,petrol,Italy national,national statistical series,self-service,EUR/litre,1.873,0.8068459016393439,0.7284000000000002,0.3377540983606559,1.066154098360656,observed/curated,derived from final price + statutory tax schedule,False,False,30,30,MASE monthly fuel-price series — curated chart copy,https://sisen.mase.gov.it/dgsaie/open-data,"Final price follows the monthly series used for the charts. Components are reconstructed from final price, VAT rules and the statutory excise schedule. Use update_data.py to import a freshly downloaded official MASE CSV."
2023-05-01,2023-05-01,2023-05-31,monthly,petrol,Italy national,national statistical series,self-service,EUR/litre,1.818,0.7617639344262293,0.7284000000000002,0.3278360655737707,1.0562360655737708,observed/curated,derived from final price + statutory tax schedule,False,False,31,31,MASE monthly fuel-price series — curated chart copy,https://sisen.mase.gov.it/dgsaie/open-data,"Final price follows the monthly series used for the charts. Components are reconstructed from final price, VAT rules and the statutory excise schedule. Use update_data.py to import a freshly downloaded official MASE CSV."
2023-06-01,2023-06-01,2023-06-30,monthly,petrol,Italy national,national statistical series,self-service,EUR/litre,1.84,0.7797967213114751,0.7284000000000002,0.33180327868852477,1.060203278688525,observed/curated,derived from final price + statutory tax schedule,False,False,30,30,MASE monthly fuel-price series — curated chart copy,https://sisen.mase.gov.it/dgsaie/open-data,"Final price follows the monthly series used for the charts. Components are reconstructed from final price, VAT rules and the statutory excise schedule. Use update_data.py to import a freshly downloaded official MASE CSV."
2023-07-01,2023-07-01,2023-07-31,monthly,petrol,Italy national,national statistical series,self-service,EUR/litre,1.867,0.8019278688524587,0.7284000000000002,0.3366721311475412,1.0650721311475413,observed/curated,derived from final price + statutory tax schedule,False,False,31,31,MASE monthly fuel-price series — curated chart copy,https://sisen.mase.gov.it/dgsaie/open-data,"Final price follows the monthly series used for the charts. Components are reconstructed from final price, VAT rules and the statutory excise schedule. Use update_data.py to import a freshly downloaded official MASE CSV."
2023-08-01,2023-08-01,2023-08-31,monthly,petrol,Italy national,national statistical series,self-service,EUR/litre,1.943,0.8642229508196718,0.7284000000000002,0.3503770491803281,1.0787770491803284,observed/curated,derived from final price + statutory tax schedule,False,False,31,31,MASE monthly fuel-price series — curated chart copy,https://sisen.mase.gov.it/dgsaie/open-data,"Final price follows the monthly series used for the charts. Components are reconstructed from final price, VAT rules and the statutory excise schedule. Use update_data.py to import a freshly downloaded official MASE CSV."
2023-09-01,2023-09-01,2023-09-30,monthly,petrol,Italy national,national statistical series,self-service,EUR/litre,1.986,0.899468852459016,0.7284000000000002,0.3581311475409838,1.086531147540984,observed/curated,derived from final price + statutory tax schedule,False,False,30,30,MASE monthly fuel-price series — curated chart copy,https://sisen.mase.gov.it/dgsaie/open-data,"Final price follows the monthly series used for the charts. Components are reconstructed from final price, VAT rules and the statutory excise schedule. Use update_data.py to import a freshly downloaded official MASE CSV."
2023-10-01,2023-10-01,2023-10-31,monthly,petrol,Italy national,national statistical series,self-service,EUR/litre,1.911,0.8379934426229505,0.7284000000000002,0.3446065573770494,1.0730065573770495,observed/curated,derived from final price + statutory tax schedule,False,False,31,31,MASE monthly fuel-price series — curated chart copy,https://sisen.mase.gov.it/dgsaie/open-data,"Final price follows the monthly series used for the charts. Components are reconstructed from final price, VAT rules and the statutory excise schedule. Use update_data.py to import a freshly downloaded official MASE CSV."
2023-11-01,2023-11-01,2023-11-30,monthly,petrol,Italy national,national statistical series,self-service,EUR/litre,1.822,0.7650426229508194,0.7284000000000002,0.3285573770491805,1.0569573770491807,observed/curated,derived from final price + statutory tax schedule,False,False,30,30,MASE monthly fuel-price series — curated chart copy,https://sisen.mase.gov.it/dgsaie/open-data,"Final price follows the monthly series used for the charts. Components are reconstructed from final price, VAT rules and the statutory excise schedule. Use update_data.py to import a freshly downloaded official MASE CSV."
2023-12-01,2023-12-01,2023-12-31,monthly,petrol,Italy national,national statistical series,self-service,EUR/litre,1.773,0.7248786885245897,0.7284000000000002,0.31972131147541005,1.0481213114754102,observed/curated,derived from final price + statutory tax schedule,False,False,31,31,MASE monthly fuel-price series — curated chart copy,https://sisen.mase.gov.it/dgsaie/open-data,"Final price follows the monthly series used for the charts. Components are reconstructed from final price, VAT rules and the statutory excise schedule. Use update_data.py to import a freshly downloaded official MASE CSV."
2024-01-01,2024-01-01,2024-01-31,monthly,petrol,Italy national,national statistical series,self-service,EUR/litre,1.7831,0.7331573770491799,0.7284000000000002,0.32154262295081987,1.04994262295082,observed/curated,derived from final price + statutory tax schedule,False,False,31,31,MASE monthly fuel-price series — curated chart copy,https://sisen.mase.gov.it/dgsaie/open-data,"Final price follows the monthly series used for the charts. Components are reconstructed from final price, VAT rules and the statutory excise schedule. Use update_data.py to import a freshly downloaded official MASE CSV."
2024-02-01,2024-02-01,2024-02-29,monthly,petrol,Italy national,national statistical series,self-service,EUR/litre,1.8474,0.7858622950819668,0.7284000000000002,0.33313770491803296,1.0615377049180332,observed/curated,derived from final price + statutory tax schedule,False,False,29,29,MASE monthly fuel-price series — curated chart copy,https://sisen.mase.gov.it/dgsaie/open-data,"Final price follows the monthly series used for the charts. Components are reconstructed from final price, VAT rules and the statutory excise schedule. Use update_data.py to import a freshly downloaded official MASE CSV."
2024-03-01,2024-03-01,2024-03-31,monthly,petrol,Italy national,national statistical series,self-service,EUR/litre,1.8583,0.794796721311475,0.7284000000000002,0.3351032786885248,1.063503278688525,observed/curated,derived from final price + statutory tax schedule,False,False,31,31,MASE monthly fuel-price series — curated chart copy,https://sisen.mase.gov.it/dgsaie/open-data,"Final price follows the monthly series used for the charts. Components are reconstructed from final price, VAT rules and the statutory excise schedule. Use update_data.py to import a freshly downloaded official MASE CSV."
2024-04-01,2024-04-01,2024-04-30,monthly,petrol,Italy national,national statistical series,self-service,EUR/litre,1.9027,0.8311901639344259,0.7284000000000002,0.34310983606557394,1.0715098360655742,observed/curated,derived from final price + statutory tax schedule,False,False,30,30,MASE monthly fuel-price series — curated chart copy,https://sisen.mase.gov.it/dgsaie/open-data,"Final price follows the monthly series used for the charts. Components are reconstructed from final price, VAT rules and the statutory excise schedule. Use update_data.py to import a freshly downloaded official MASE CSV."
2024-05-01,2024-05-01,2024-05-31,monthly,petrol,Italy national,national statistical series,self-service,EUR/litre,1.8919,0.8223377049180323,0.7284000000000002,0.34116229508196744,1.0695622950819677,observed/curated,derived from final price + statutory tax schedule,False,False,31,31,MASE monthly fuel-price series — curated chart copy,https://sisen.mase.gov.it/dgsaie/open-data,"Final price follows the monthly series used for the charts. Components are reconstructed from final price, VAT rules and the statutory excise schedule. Use update_data.py to import a freshly downloaded official MASE CSV."
2024-06-01,2024-06-01,2024-06-30,monthly,petrol,Italy national,national statistical series,self-service,EUR/litre,1.8515,0.7892229508196718,0.7284000000000002,0.333877049180328,1.0622770491803282,observed/curated,derived from final price + statutory tax schedule,False,False,30,30,MASE monthly fuel-price series — curated chart copy,https://sisen.mase.gov.it/dgsaie/open-data,"Final price follows the monthly series used for the charts. Components are reconstructed from final price, VAT rules and the statutory excise schedule. Use update_data.py to import a freshly downloaded official MASE CSV."
2024-07-01,2024-07-01,2024-07-31,monthly,petrol,Italy national,national statistical series,self-service,EUR/litre,1.8629,0.7985672131147536,0.7284000000000002,0.33593278688524614,1.0643327868852464,observed/curated,derived from final price + statutory tax schedule,False,False,31,31,MASE monthly fuel-price series — curated chart copy,https://sisen.mase.gov.it/dgsaie/open-data,"Final price follows the monthly series used for the charts. Components are reconstructed from final price, VAT rules and the statutory excise schedule. Use update_data.py to import a freshly downloaded official MASE CSV."
2024-08-01,2024-08-01,2024-08-31,monthly,petrol,Italy national,national statistical series,self-service,EUR/litre,1.8249,0.7674196721311471,0.7284000000000002,0.32908032786885266,1.057480327868853,observed/curated,derived from final price + statutory tax schedule,False,False,31,31,MASE monthly fuel-price series — curated chart copy,https://sisen.mase.gov.it/dgsaie/open-data,"Final price follows the monthly series used for the charts. Components are reconstructed from final price, VAT rules and the statutory excise schedule. Use update_data.py to import a freshly downloaded official MASE CSV."
2024-09-01,2024-09-01,2024-09-30,monthly,petrol,Italy national,national statistical series,self-service,EUR/litre,1.7631,0.7167639344262291,0.7284000000000002,0.31793606557377063,1.0463360655737708,observed/curated,derived from final price + statutory tax schedule,False,False,30,30,MASE monthly fuel-price series — curated chart copy,https://sisen.mase.gov.it/dgsaie/open-data,"Final price follows the monthly series used for the charts. Components are reconstructed from final price, VAT rules and the statutory excise schedule. Use update_data.py to import a freshly downloaded official MASE CSV."
2024-10-01,2024-10-01,2024-10-31,monthly,petrol,Italy national,national statistical series,self-service,EUR/litre,1.7541,0.7093868852459013,0.7284000000000002,0.31631311475409857,1.0447131147540987,observed/curated,derived from final price + statutory tax schedule,False,False,31,31,MASE monthly fuel-price series — curated chart copy,https://sisen.mase.gov.it/dgsaie/open-data,"Final price follows the monthly series used for the charts. Components are reconstructed from final price, VAT rules and the statutory excise schedule. Use update_data.py to import a freshly downloaded official MASE CSV."
2024-11-01,2024-11-01,2024-11-30,monthly,petrol,Italy national,national statistical series,self-service,EUR/litre,1.7562,0.7111081967213111,0.7284000000000002,0.3166918032786887,1.045091803278689,observed/curated,derived from final price + statutory tax schedule,False,False,30,30,MASE monthly fuel-price series — curated chart copy,https://sisen.mase.gov.it/dgsaie/open-data,"Final price follows the monthly series used for the charts. Components are reconstructed from final price, VAT rules and the statutory excise schedule. Use update_data.py to import a freshly downloaded official MASE CSV."
2024-12-01,2024-12-01,2024-12-31,monthly,petrol,Italy national,national statistical series,self-service,EUR/litre,1.7565,0.7113540983606553,0.7284000000000002,0.31674590163934446,1.0451459016393447,observed/curated,derived from final price + statutory tax schedule,False,False,31,31,MASE monthly fuel-price series — curated chart copy,https://sisen.mase.gov.it/dgsaie/open-data,"Final price follows the monthly series used for the charts. Components are reconstructed from final price, VAT rules and the statutory excise schedule. Use update_data.py to import a freshly downloaded official MASE CSV."
2025-01-01,2025-01-01,2025-01-31,monthly,petrol,Italy national,national statistical series,self-service,EUR/litre,1.805,0.7511081967213111,0.7284000000000002,0.3254918032786887,1.0538918032786888,observed/curated,derived from final price + statutory tax schedule,False,False,31,31,MASE monthly fuel-price series — curated chart copy,https://sisen.mase.gov.it/dgsaie/open-data,"Final price follows the monthly series used for the charts. Components are reconstructed from final price, VAT rules and the statutory excise schedule. Use update_data.py to import a freshly downloaded official MASE CSV."
2025-02-01,2025-02-01,2025-02-28,monthly,petrol,Italy national,national statistical series,self-service,EUR/litre,1.8232,0.7660262295081963,0.7284,0.3287737704918034,1.0571737704918034,observed/curated,derived from final price + statutory tax schedule,False,False,28,28,MASE monthly fuel-price series — curated chart copy,https://sisen.mase.gov.it/dgsaie/open-data,"Final price follows the monthly series used for the charts. Components are reconstructed from final price, VAT rules and the statutory excise schedule. Use update_data.py to import a freshly downloaded official MASE CSV."
2025-03-01,2025-03-01,2025-03-31,monthly,petrol,Italy national,national statistical series,self-service,EUR/litre,1.7858,0.7353704918032784,0.7284000000000002,0.32202950819672155,1.0504295081967217,observed/curated,derived from final price + statutory tax schedule,False,False,31,31,MASE monthly fuel-price series — curated chart copy,https://sisen.mase.gov.it/dgsaie/open-data,"Final price follows the monthly series used for the charts. Components are reconstructed from final price, VAT rules and the statutory excise schedule. Use update_data.py to import a freshly downloaded official MASE CSV."
2025-04-01,2025-04-01,2025-04-30,monthly,petrol,Italy national,national statistical series,self-service,EUR/litre,1.7303,0.6898786885245898,0.7284000000000002,0.31202131147540996,1.0404213114754102,observed/curated,derived from final price + statutory tax schedule,False,False,30,30,MASE monthly fuel-price series — curated chart copy,https://sisen.mase.gov.it/dgsaie/open-data,"Final price follows the monthly series used for the charts. Components are reconstructed from final price, VAT rules and the statutory excise schedule. Use update_data.py to import a freshly downloaded official MASE CSV."
2025-05-01,2025-05-01,2025-05-31,monthly,petrol,Italy national,national statistical series,self-service,EUR/litre,1.6957,0.6697438392384978,0.7201741935483872,0.30578196721311496,1.0259561607615022,observed/curated,derived from final price + statutory tax schedule,False,False,31,31,MASE monthly fuel-price series — curated chart copy,https://sisen.mase.gov.it/dgsaie/open-data,"Final price follows the monthly series used for the charts. Components are reconstructed from final price, VAT rules and the statutory excise schedule. Use update_data.py to import a freshly downloaded official MASE CSV."
2025-06-01,2025-06-01,2025-06-30,monthly,petrol,Italy national,national statistical series,self-service,EUR/litre,1.7121,0.6899606557377047,0.7134,0.3087393442622952,1.0221393442622952,observed/curated,derived from final price + statutory tax schedule,False,False,30,30,MASE monthly fuel-price series — curated chart copy,https://sisen.mase.gov.it/dgsaie/open-data,"Final price follows the monthly series used for the charts. Components are reconstructed from final price, VAT rules and the statutory excise schedule. Use update_data.py to import a freshly downloaded official MASE CSV."
2025-07-01,2025-07-01,2025-07-31,monthly,petrol,Italy national,national statistical series,self-service,EUR/litre,1.7275,0.7025836065573768,0.7134,0.31151639344262316,1.024916393442623,observed/curated,derived from final price + statutory tax schedule,False,False,31,31,MASE monthly fuel-price series — curated chart copy,https://sisen.mase.gov.it/dgsaie/open-data,"Final price follows the monthly series used for the charts. Components are reconstructed from final price, VAT rules and the statutory excise schedule. Use update_data.py to import a freshly downloaded official MASE CSV."
2025-08-01,2025-08-01,2025-08-31,monthly,petrol,Italy national,national statistical series,self-service,EUR/litre,1.7047,0.6838950819672129,0.7134,0.3074049180327871,1.0208049180327872,observed/curated,derived from final price + statutory tax schedule,False,False,31,31,MASE monthly fuel-price series — curated chart copy,https://sisen.mase.gov.it/dgsaie/open-data,"Final price follows the monthly series used for the charts. Components are reconstructed from final price, VAT rules and the statutory excise schedule. Use update_data.py to import a freshly downloaded official MASE CSV."
2025-09-01,2025-09-01,2025-09-30,monthly,petrol,Italy national,national statistical series,self-service,EUR/litre,1.7076,0.6862721311475408,0.7134,0.30792786885245915,1.0213278688524592,observed/curated,derived from final price + statutory tax schedule,False,False,30,30,MASE monthly fuel-price series — curated chart copy,https://sisen.mase.gov.it/dgsaie/open-data,"Final price follows the monthly series used for the charts. Components are reconstructed from final price, VAT rules and the statutory excise schedule. Use update_data.py to import a freshly downloaded official MASE CSV."
2025-10-01,2025-10-01,2025-10-31,monthly,petrol,Italy national,national statistical series,self-service,EUR/litre,1.6955,0.6763540983606555,0.7134,0.30574590163934445,1.0191459016393445,observed/curated,derived from final price + statutory tax schedule,False,False,31,31,MASE monthly fuel-price series — curated chart copy,https://sisen.mase.gov.it/dgsaie/open-data,"Final price follows the monthly series used for the charts. Components are reconstructed from final price, VAT rules and the statutory excise schedule. Use update_data.py to import a freshly downloaded official MASE CSV."
2025-11-01,2025-11-01,2025-11-30,monthly,petrol,Italy national,national statistical series,self-service,EUR/litre,1.7126,0.6903704918032785,0.7134,0.30882950819672145,1.0222295081967214,observed/curated,derived from final price + statutory tax schedule,False,False,30,30,MASE monthly fuel-price series — curated chart copy,https://sisen.mase.gov.it/dgsaie/open-data,"Final price follows the monthly series used for the charts. Components are reconstructed from final price, VAT rules and the statutory excise schedule. Use update_data.py to import a freshly downloaded official MASE CSV."
2025-12-01,2025-12-01,2025-12-31,monthly,petrol,Italy national,national statistical series,self-service,EUR/litre,1.7045,0.6837311475409833,0.7134,0.3073688524590166,1.0207688524590166,observed/curated,derived from final price + statutory tax schedule,False,False,31,31,MASE monthly fuel-price series — curated chart copy,https://sisen.mase.gov.it/dgsaie/open-data,"Final price follows the monthly series used for the charts. Components are reconstructed from final price, VAT rules and the statutory excise schedule. Use update_data.py to import a freshly downloaded official MASE CSV."
2026-01-01,2026-01-01,2026-01-31,monthly,petrol,Italy national,national statistical series,self-service,EUR/litre,1.6358,0.6679196721311477,0.6728999999999996,0.29498032786885264,0.9678803278688523,observed/curated,derived from final price + statutory tax schedule,False,False,31,31,MASE monthly fuel-price series — curated chart copy,https://sisen.mase.gov.it/dgsaie/open-data,"Final price follows the monthly series used for the charts. Components are reconstructed from final price, VAT rules and the statutory excise schedule. Use update_data.py to import a freshly downloaded official MASE CSV."
2026-02-01,2026-02-01,2026-02-28,monthly,petrol,Italy national,national statistical series,self-service,EUR/litre,1.6473,0.6773459016393444,0.6728999999999997,0.2970540983606558,0.9699540983606556,observed/curated,derived from final price + statutory tax schedule,False,False,28,28,MASE monthly fuel-price series — curated chart copy,https://sisen.mase.gov.it/dgsaie/open-data,"Final price follows the monthly series used for the charts. Components are reconstructed from final price, VAT rules and the statutory excise schedule. Use update_data.py to import a freshly downloaded official MASE CSV."
2026-03-01,2026-03-01,2026-03-31,monthly,petrol,Italy national,national statistical series,self-service,EUR/litre,1.7494,0.8449053939714438,0.5890290322580644,0.315465573770492,0.9044946060285564,observed/curated,derived from final price + statutory tax schedule,False,False,31,31,MASE monthly fuel-price series — curated chart copy,https://sisen.mase.gov.it/dgsaie/open-data,"Final price follows the monthly series used for the charts. Components are reconstructed from final price, VAT rules and the statutory excise schedule. Use update_data.py to import a freshly downloaded official MASE CSV."
2026-04-01,2026-04-01,2026-04-30,monthly,petrol,Italy national,national statistical series,self-service,EUR/litre,1.7599,0.9696409836065574,0.4728999999999998,0.31735901639344277,0.7902590163934426,observed/curated,derived from final price + statutory tax schedule,False,False,30,30,MASE monthly fuel-price series — curated chart copy,https://sisen.mase.gov.it/dgsaie/open-data,"Final price follows the monthly series used for the charts. Components are reconstructed from final price, VAT rules and the statutory excise schedule. Use update_data.py to import a freshly downloaded official MASE CSV."
2026-05-01,2026-05-01,2026-05-31,monthly,petrol,Italy national,national statistical series,self-service,EUR/litre,1.9058,0.9440698572184025,0.6180612903225808,0.3436688524590166,0.9617301427815974,observed/curated,derived from final price + statutory tax schedule,False,False,31,31,MASE monthly fuel-price series — curated chart copy,https://sisen.mase.gov.it/dgsaie/open-data,"Final price follows the monthly series used for the charts. Components are reconstructed from final price, VAT rules and the statutory excise schedule. Use update_data.py to import a freshly downloaded official MASE CSV."
2026-06-01,2026-06-01,2026-06-30,monthly,petrol,Italy national,national statistical series,self-service,EUR/litre,1.886,0.9230016393442618,0.6229000000000001,0.34009836065573784,0.962998360655738,observed/curated,derived from final price + statutory tax schedule,False,False,30,30,MASE monthly fuel-price series — curated chart copy,https://sisen.mase.gov.it/dgsaie/open-data,"Final price follows the monthly series used for the charts. Components are reconstructed from final price, VAT rules and the statutory excise schedule. Use update_data.py to import a freshly downloaded official MASE CSV."
2026-07-01,2026-07-01,2026-07-31,monthly,petrol,Italy national,national statistical series,self-service,EUR/litre,1.8862,0.8780042834479111,0.6680612903225803,0.34013442622950846,1.0081957165520887,observed/curated,derived from final price + statutory tax schedule,False,False,31,31,MASE monthly fuel-price series — curated chart copy,https://sisen.mase.gov.it/dgsaie/open-data,"Final price follows the monthly series used for the charts. Components are reconstructed from final price, VAT rules and the statutory excise schedule. Use update_data.py to import a freshly downloaded official MASE CSV."
2026-08-01,2026-08-01,2026-08-31,monthly,petrol,Italy national,national statistical series,self-service,EUR/litre,1.9985,0.9652147540983608,0.6728999999999996,0.36038524590163956,1.0332852459016393,observed/curated,derived from final price + statutory tax schedule,False,False,31,31,MASE monthly fuel-price series — curated chart copy,https://sisen.mase.gov.it/dgsaie/open-data,"Final price follows the monthly series used for the charts. Components are reconstructed from final price, VAT rules and the statutory excise schedule. Use update_data.py to import a freshly downloaded official MASE CSV."
2026-09-01,2026-09-01,2026-09-30,monthly,petrol,Italy national,national statistical series,self-service,EUR/litre,2.0594,1.0151327868852458,0.6729000000000002,0.3713672131147541,1.0442672131147543,observed/curated,derived from final price + statutory tax schedule,True,False,14,30,MASE monthly fuel-price series — curated chart copy,https://sisen.mase.gov.it/dgsaie/open-data,"Final price follows the monthly series used for the charts. Components are reconstructed from final price, VAT rules and the statutory excise schedule. Use update_data.py to import a freshly downloaded official MASE CSV. Partial September 2026 month."
